INSERT INTO energy_manager.t_area (id_area_key, tx_city, tx_union, tx_road, tx_address, tx_description)
VALUES ('AR-001', 'Svae', 'Sgfrt', 'FA06', 'HS Road, House:025', 'canonical place'),
       ('AR-002', 'Ghrwe', 'Hdjq', 'HD96', '2276 WILTON DR, WILTON MANORS FL 33305', 'find nearest corner'),
       ('AR-003', 'Brooklyn', 'Fairfax', 'Main', '1480 EAST MAIN STREET, WYTHEVILLE VA 24382	',
        'nearby address; might be TIGER omission'),
       ('AR-004', 'Littleton', 'Hdjq', 'HD96', '1301 GREENE STREET, MARIETTA OH 45750', 'TIGER artifact'),
       ('AR-006', 'Bangor', 'Billings', 'Clinton', '146 EAST FIRST AVE, WILLIAMSON WV 25661', 'find nearest corner'),
       ('AR-007', 'Waterville', 'Effingham', 'Harlow', '500 NORTH A STREET, RICHMOND IN 47374',
        'predir is TIGER artifact'),
       ('AR-008', 'Hackensack', 'Florence', 'University', '317 SOUTH DRAKE ROAD, KALAMAZOO MI 49009',
        'predir is TIGER artifact'),
       ('AR-009', 'Patchogue', 'Scottsbluff', 'Brightseat', '1800 OLD TROY RD, UNION CITY TN 38261',
        'returns 2 results'),
       ('AR-010', 'Plattsburgh', 'Marietta', 'Market', '931 OLD SMITHVILLE HWY, MCMINNVILLE TN 37110',
        'predir is TIGER artifact'),
       ('AR-011', 'Williamsport', 'McMinnville', 'Commerce', '1013 SPRING LANE, SANFORD NC 27330',
        'the usual Central Park West parsing issues');
INSERT INTO energy_manager.t_bill (id_bill_key, ct_year, ct_month, ct_value, dt_read, flt_unit, is_paid, dt_paid,
                                   id_customer_key, id_employee_key, id_meter_key)
VALUES (1, 2024, 8, 150.75, '2024-08-25', 251, 0, NULL, 'CUST001', 'EMP001', 'GDB236125'),
       (2, 2024, 7, 120.00, '2024-07-22', 200, 1, '2024-07-30', 'CUST001', 'EMP001', 'GDB236125'),
       (3, 2024, 6, 180.25, '2024-06-20', 301, 1, '2024-06-28', 'CUST001', 'EMP001', 'GDB236125'),
       (4, 2024, 5, 140.50, '2024-05-18', 225, 0, NULL, 'CUST001', 'EMP001', 'GDB236125'),
       (5, 2024, 4, 165.80, '2024-04-15', 276, 1, '2024-04-25', 'CUST001', 'EMP001', 'GDB236125'),
       (6, 2024, 3, 110.25, '2024-03-12', 180, 0, NULL, 'CUST001', 'EMP001', 'GDB236125'),
       (7, 2024, 2, 130.45, '2024-02-10', 196, 1, '2024-02-20', 'CUST001', 'EMP001', 'GDB236125'),
       (8, 2024, 1, 145.00, '2024-01-15', 210, 1, '2024-01-25', 'CUST001', 'EMP001', 'GDB236125'),
       (9, 2023, 12, 175.30, '2023-12-18', 241, 1, '2023-12-28', 'CUST001', 'EMP001', 'GDB236125'),
       (10, 2023, 11, 160.00, '2023-11-14', 230, 0, NULL, 'CUST001', 'EMP001', 'GDB236125');
INSERT INTO energy_manager.t_bill (id_bill_key, ct_year, ct_month, ct_value, dt_read, flt_unit, is_paid, dt_paid,
                                   id_customer_key, id_employee_key, id_meter_key)
VALUES (11, 2023, 10, 155.50, '2023-10-12', 221, 1, '2023-10-22', 'CUST001', 'EMP001', 'GDB236125'),
       (12, 2023, 9, 190.75, '2023-09-17', 260, 0, NULL, 'CUST001', 'EMP001', 'GDB236125'),
       (13, 2023, 8, 140.80, '2023-08-10', 211, 1, '2023-08-20', 'CUST001', 'EMP001', 'GDB236125'),
       (14, 2023, 7, 175.65, '2023-07-15', 245, 1, '2023-07-25', 'CUST001', 'EMP001', 'GDB259415'),
       (15, 2023, 6, 160.30, '2023-06-19', 230, 0, NULL, 'CUST001', 'EMP001', 'GDB236125'),
       (16, 2023, 5, 135.90, '2023-05-13', 201, 0, NULL, 'CUST001', 'EMP001', 'GDB236125'),
       (17, 2023, 4, 125.25, '2023-04-09', 185, 1, '2023-04-19', 'CUST001', 'EMP001', 'GDB236125'),
       (18, 2023, 3, 145.60, '2023-03-05', 210, 1, '2023-03-15', 'CUST001', 'EMP001', 'GDB236125'),
       (19, 2023, 2, 115.80, '2023-02-01', 170, 0, NULL, 'CUST001', 'EMP001', 'GDB236125'),
       (20, 2023, 1, 155.20, '2023-01-15', 226, 1, '2023-01-25', 'CUST001', 'EMP001', 'GDB236125');
INSERT INTO energy_manager.t_category (id_category_key, tx_description)
VALUES ('Government Office',
        'A formal workspace for public administration and civil services, featuring offices, meeting rooms, and public service areas.'),
       ('House',
        'A private dwelling where people live, typically including living spaces, bedrooms, a kitchen, and bathrooms.'),
       ('Mosque',
        'A place of worship for Muslims, featuring a prayer hall, mihrab, minarets, and areas for ablution and education.'),
       ('Private Office',
        'A personal workspace for an individual or small team, designed for focused work and meetings.'),
       ('Residential',
        'A neighborhood or zone where people live, including houses or apartments, with amenities like parks and schools.'),
       ('Road',
        'A paved or unpaved path for vehicles and pedestrians, facilitating transportation and connectivity between different areas.');
INSERT INTO energy_manager.t_customer (id_customer_key, tx_address, tx_gender, tx_mobile, tx_name, tx_nid, is_state,
                                       id_area_key, bt_image)
VALUES ('CUST001', '123 Elm St, Springfield, IL', 'Male', '11234567890', 'Michael Johnson', '987654321', 1, 'AR-002',
        0xFFD8FFE000104A46494600010101006000600000FFDB0043000302020302020303030304030304050805050404050A070706080C0A0C0C0B0A0B0B0D0E12100D0E110E0B0B1016101113141515150C0F171816141812141514FFDB00430103040405040509050509140D0B0D1414141414141414141414141414141414141414141414141414141414141414141414141414141414141414141414141414FFC00011080064006403012200021101031101FFC4001F0000010501010101010100000000000000000102030405060708090A0BFFC400B5100002010303020403050504040000017D01020300041105122131410613516107227114328191A1082342B1C11552D1F02433627282090A161718191A25262728292A3435363738393A434445464748494A535455565758595A636465666768696A737475767778797A838485868788898A92939495969798999AA2A3A4A5A6A7A8A9AAB2B3B4B5B6B7B8B9BAC2C3C4C5C6C7C8C9CAD2D3D4D5D6D7D8D9DAE1E2E3E4E5E6E7E8E9EAF1F2F3F4F5F6F7F8F9FAFFC4001F0100030101010101010101010000000000000102030405060708090A0BFFC400B51100020102040403040705040400010277000102031104052131061241510761711322328108144291A1B1C109233352F0156272D10A162434E125F11718191A262728292A35363738393A434445464748494A535455565758595A636465666768696A737475767778797A82838485868788898A92939495969798999AA2A3A4A5A6A7A8A9AAB2B3B4B5B6B7B8B9BAC2C3C4C5C6C7C8C9CAD2D3D4D5D6D7D8D9DAE2E3E4E5E6E7E8E9EAF2F3F4F5F6F7F8F9FAFFDA000C03010002110311003F00FBC74D8F0A2B7ED5718AC9D3D3E515B76EB58D8DCB7155A5E2A0856AC558D0E5ED4FA45A5A56351A690539A9B4806B77A824AB0D503D2336539475ACFB85EB5A5277AA171DEA4A898F32FEF0D153483E63454144F62BF28AD7B75ACCB31C0AD682BA0C8B718A97D2A38EA55A0711EBD2BCABE327C7AD3FE165DD969915B9D4B59B94339B74603C98467E73CF249180A393C9EDCFAA676A927A57E40FC47F8E975E26FDA3B5DF1109C491BDEBC16B93F2AC2A76478FF8001F8B526A4D7BA6F0E5BFBC7E867C19FDA9B4AF8B1E26B8D064B0934ABDF2FCD83CD707CCC1C1423B3771D73CF4EFEE0D5F971ACEB0FE0D82D7C69A348CF269B7905C999176AEEF3532BC762768FCFD2BF4F34AD4A1D6B4AB3D42D9B7DBDD4293C6C3BAB28607F2359425CC5D4A6E162DB542E3A9A98F4A89EACE691524AA3703AD5F97BD50B8EF48226648BF31A29D27DE3454165BB3ED5A90F6ACBB4E82B521AE83165C8FA548B51C7D053D4F34BA95131FC71A8BE93E0BD7AF633892DEC27954FBAC6C47F2AFC2CF0FF87EFF00C57E3682C2C9C09A6932257076A29E149C7B62BF683F699D7A5F0DFC03F1D5FC0DB268F4A9955FFBA586DCFE19CD7E67FECB5F036EBC7FA3DC78CDB5892CADD2EFCB58637DA58C67F88639E4F029B9AA7094D9D3469BAB523047B958F85344D53E07F8CBC051CDE66BD0E96F3C6F33A6F9A68879A0AA6776372819C606475AFAD3F657F130F177ECEFE02D4436E274C8E063FED45988FEA95C3D8FC3DF07F86FC4FABDF0B783FE124D42DBE5692353F2BA15255B19F518CE3AF1583FF04D4D725D4FF6708EC676CC9A5EA9716C14FF000A9DB27F376AF3308EFCDFD6FF00F0C7A38E5AA7FD7F5A9F56374A8A4A95AA17AF40F1D9564AA371DEAEC9DEA8DC1EB521133E4FBC68A6C8DF31A29145DB3FBA2B521E9591667E515AD07DDAD8C596E33C549EF50C7530A18459E1BFB6A6A51587ECEBE29494022E6348029EFB9C0AF85FF64BD6AF6DBC03E21D26C17EDAFA7EA86E64B159763BC4EAB8653F5563EE571C57D87FF0502BA5B7F801A89270DE74657EA181FE40D7E5C7C0FF008857FF000F7E2C69B7B644CB15E092DEE6D59B0B3203B87E23271FFD7A99D375294923B30F53D9D58CBBE87DFF001EA779A5E887C4DAC5D247A6E8D14D7AF70F9F3A46C066524B70AA883823927DB9B9FF0004B7BB7BCF85BE2B95CF326B1BCA8E809890FF00ECDFA57927ED61F13E4F157C0ABCB1D26C64D3ECD8C46E0E30EEA645E0E3B7AD7B7FFC134F434D37E0EDCDE40B88AF250D230EF32BC8AC3F0411570E163EECA5DDFE5FF0E7A3984DCA4A3D97E7FF000C7D80DDEA190D48D50486BB4F1595E43542E0F5AB921E0D67DC375A5D47128C8DF31A2A391BE63CD1525172C5FA56BC0D58165274ADAB66AD8C4BE879A981AACADDE8B8B8F26DA47CE0AA935441F1DFFC1477C61A6C9E03B7F0B47788DAAB4897925B29E5635DC013F527A7B57E5FD8C771A6F8AB4693611343788463BF2323F1C1AFA6FF006D4D435293E2E6B46431C970DF2C514249C23021437FB4D9DDEDB8578B7C33B57F1378DBC376F342A267BE817E71C64BF5FF00D0855ABA833A236E689FA01E16F85F6FE30F0D4B61AAD9896D2F2131BC722F04115F4B7C0BF08E9FF0E7C0B69E1DD3ED56D6D2D784C756E00C9F7E319EF8F5AC2F08D94F6B6F0C42DA15FF006B79381EDC7D6BBCB6536D06DE3A67767826BC4C350A94E4E537BF43D2C56229D649411D23B55791AA2B2BAFB45B824E581C1A576AF44F2BA90CCDC5675C375AB73BD66DC3F5A0B45376F98D150C927CC68A811358C9C0ADBB593A57316337CA39ADEB59338ADCC91B51BF1593E2CBA6B7D1DFCB38776007F3ABB149C5727F11EF0A5A5BC4BCEE0C48F51C0AB8EE4CB63F30BF6B0D4A387E2A7882E7CEF3AEAE6482E3CB5EB12B26C031D88C8FE7581FB3FE976371F15BC2F1333BBC378A84BF663CA9C7FBC41AA7FB465FFD9FE37788EF95848B35D1B4017072CA8A07EAA0FE15BDF00ED3FB5BE2C68E205314D6D7F0CCDB40E4091083EF9071ED83572D11D10D91FA81E1D90FD990B0CF1F3376CFF9CD6F5C4EB1C45B77E7C561E8EDE5DAF00F56EBE9926A0F136B369A5E99235DDCC7034AAC23DD9FBD8E3380703A0C9C0E95CA4A3A7F0D5F25C2CEAAD9C10715AD2495C17C33BA3259A31903968467E6CF3C735DA492521F9914F25675C4956667ACCBA9300D26514A69B121A2A85C5C7EF0D15170B1369F21DAB5D0D9B1A28AE84608D3858D711F1218B5D5B21395685815FC68A2B486E4CF63F20BC677736B9E3CF134978E6578754BB950FF00B5B88FE55ED1FB25451CFE3D7BD78D7CF8A191518718CC72F3F5A28AD2A7C2CE88EC7E845ADE4B1DAC6AAE40D883F4A7EB3FF134F0DEA76D71FBC86E2D264917D41439FE74515CCC8297C1CB87934D8CB1C93B87E55E93231A28ACFA971D8A33B1AC8BC738345152C11CF5C487CE3CD145159967FFD9),
       ('CUST0011', '753 Fir Rd', 'Male', '555-6677', 'David Thompson', 'NID456789', 1, 'AR-003', NULL),
       ('CUST0012', '642 Hemlock St', 'Female', '555-8899', 'Mia White', 'NID678912', 0, 'AR-007', NULL),
       ('CUST0013', '531 Poplar Dr', 'Male', '555-0011', 'Liam Harris', 'NID789023', 1, 'AR-007', NULL),
       ('CUST0014', '420 Willow St', 'Female', '555-2234', 'Ava Clark', 'NID890134', 1, 'AR-008', NULL),
       ('CUST0015', '309 Cypress Ln', 'Other', '555-4456', 'Jordan Scott', 'NID901245', 0, 'AR-003', NULL),
       ('CUST0016', '198 Red Oak Ave', 'Male', '555-6678', 'Benjamin Moore', 'NID123456', 1, 'AR-007', NULL),
       ('CUST0017', '287 Blue Spruce St', 'Female', '555-8890', 'Isabella King', 'NID234567', 0, 'AR-004', NULL),
       ('CUST0018', '376 Silver Maple Rd', 'Male', '555-0012', 'Lucas Young', 'NID345678', 1, 'AR-008', NULL),
       ('CUST0019', '465 White Pine St', 'Female', '555-2235', 'Amelia Wright', 'NID456789', 1, 'AR-009', NULL);
INSERT INTO energy_manager.t_customer (id_customer_key, tx_address, tx_gender, tx_mobile, tx_name, tx_nid, is_state,
                                       id_area_key, bt_image)
VALUES ('CUST002', '456 Oak St, Metropolis, NY', 'Male', '11234567891', 'Sarah Williams', '123456789', 1, 'AR-003',
        0xFFD8FFE000104A46494600010101012C012C0000FFE100564578696600004D4D002A000000080004011A0005000000010000003E011B00050000000100000046012800030000000100020000021300030000000100010000000000000000012C000000010000012C00000001FFED002C50686F746F73686F7020332E30003842494D040400000000000F1C015A00031B25471C01000002000400FFE10C81687474703A2F2F6E732E61646F62652E636F6D2F7861702F312E302F003C3F787061636B657420626567696E3D27EFBBBF272069643D2757354D304D7043656869487A7265537A4E54637A6B633964273F3E0D0A3C783A786D706D65746120786D6C6E733A783D2261646F62653A6E733A6D6574612F2220783A786D70746B3D22496D6167653A3A45786966546F6F6C2031312E3838223E0D0A093C7264663A52444620786D6C6E733A7264663D22687474703A2F2F7777772E77332E6F72672F313939392F30322F32322D7264662D73796E7461782D6E7323223E0D0A09093C7264663A4465736372697074696F6E207264663A61626F75743D222220786D6C6E733A746966663D22687474703A2F2F6E732E61646F62652E636F6D2F746966662F312E302F223E0D0A0909093C746966663A5265736F6C7574696F6E556E69743E323C2F746966663A5265736F6C7574696F6E556E69743E0D0A0909093C746966663A585265736F6C7574696F6E3E3330302F313C2F746966663A585265736F6C7574696F6E3E0D0A0909093C746966663A595265736F6C7574696F6E3E3330302F313C2F746966663A595265736F6C7574696F6E3E0D0A09093C2F7264663A4465736372697074696F6E3E0D0A09093C7264663A4465736372697074696F6E207264663A61626F75743D222220786D6C6E733A786D704D4D3D22687474703A2F2F6E732E61646F62652E636F6D2F7861702F312E302F6D6D2F223E0D0A0909093C786D704D4D3A446F63756D656E7449443E61646F62653A646F6369643A73746F636B3A61373333663331372D363563342D346132362D383064362D6135633831363962383231383C2F786D704D4D3A446F63756D656E7449443E0D0A0909093C786D704D4D3A496E7374616E636549443E786D702E6969643A37613038333937612D396431662D343737642D383465652D3230386236626662633261623C2F786D704D4D3A496E7374616E636549443E0D0A09093C2F7264663A4465736372697074696F6E3E0D0A093C2F7264663A5244463E0D0A3C2F783A786D706D6574613E0D0A202020202020202020202020202020202020202020202020202020202020202020202020202020202020202020202020202020202020202020202020202020202020202020202020202020202020202020202020202020202020202020202020202020200A202020202020202020202020202020202020202020202020202020202020202020202020202020202020202020202020202020202020202020202020202020202020202020202020202020202020202020202020202020202020202020202020202020200A202020202020202020202020202020202020202020202020202020202020202020202020202020202020202020202020202020202020202020202020202020202020202020202020202020202020202020202020202020202020202020202020202020200A202020202020202020202020202020202020202020202020202020202020202020202020202020202020202020202020202020202020202020202020202020202020202020202020202020202020202020202020202020202020202020202020202020200A202020202020202020202020202020202020202020202020202020202020202020202020202020202020202020202020202020202020202020202020202020202020202020202020202020202020202020202020202020202020202020202020202020200A202020202020202020202020202020202020202020202020202020202020202020202020202020202020202020202020202020202020202020202020202020202020202020202020202020202020202020202020202020202020202020202020202020200A202020202020202020202020202020202020202020202020202020202020202020202020202020202020202020202020202020202020202020202020202020202020202020202020202020202020202020202020202020202020202020202020202020200A202020202020202020202020202020202020202020202020202020202020202020202020202020202020202020202020202020202020202020202020202020202020202020202020202020202020202020202020202020202020202020202020202020200A202020202020202020202020202020202020202020202020202020202020202020202020202020202020202020202020202020202020202020202020202020202020202020202020202020202020202020202020202020202020202020202020202020200A202020202020202020202020202020202020202020202020202020202020202020202020202020202020202020202020202020202020202020202020202020202020202020202020202020202020202020202020202020202020202020202020202020200A202020202020202020202020202020202020202020202020202020202020202020202020202020202020202020202020202020202020202020202020202020202020202020202020202020202020202020202020202020202020202020202020202020200A202020202020202020202020202020202020202020202020202020202020202020202020202020202020202020202020202020202020202020202020202020202020202020202020202020202020202020202020202020202020202020202020202020200A202020202020202020202020202020202020202020202020202020202020202020202020202020202020202020202020202020202020202020202020202020202020202020202020202020202020202020202020202020202020202020202020202020200A202020202020202020202020202020202020202020202020202020202020202020202020202020202020202020202020202020202020202020202020202020202020202020202020202020202020202020202020202020202020202020202020202020200A202020202020202020202020202020202020202020202020202020202020202020202020202020202020202020202020202020202020202020202020202020202020202020202020202020202020202020202020202020202020202020202020202020200A202020202020202020202020202020202020202020202020202020202020202020202020202020202020202020202020202020202020202020202020202020202020202020202020202020202020202020202020202020202020202020202020202020200A202020202020202020202020202020202020202020202020202020202020202020202020202020202020202020202020202020202020202020202020202020202020202020202020202020202020202020202020202020202020202020202020202020200A202020202020202020202020202020202020202020202020202020202020202020202020202020202020202020202020202020202020202020202020202020202020202020202020202020202020202020202020202020202020202020202020202020200A202020202020202020202020202020202020202020202020202020202020202020202020202020202020202020202020202020202020202020202020202020202020202020202020202020202020202020202020202020202020202020202020202020200A202020202020202020202020202020202020202020202020202020202020202020202020202020202020202020202020202020202020202020202020202020202020202020202020202020202020202020202020202020202020202020202020202020200A202020202020202020202020202020202020202020202020202020202020202020202020202020202020202020202020202020202020202020202020202020202020202020202020202020202020202020202020202020202020202020202020202020200A202020202020202020202020202020202020202020202020202020202020202020202020202020202020202020202020202020202020202020202020202020202020202020202020202020202020202020202020202020202020202020202020202020200A202020202020202020202020202020202020202020202020202020202020202020202020202020202020202020202020202020202020202020202020202020202020202020202020202020202020202020202020202020202020202020202020202020200A202020202020202020202020202020202020202020202020202020202020202020202020202020202020202020202020202020202020202020202020202020202020202020202020202020202020202020203C3F787061636B657420656E643D2777273F3EFFDB0043000302020302020303030304030304050805050404050A070706080C0A0C0C0B0A0B0B0D0E12100D0E110E0B0B1016101113141515150C0F171816141812141514FFDB00430103040405040509050509140D0B0D1414141414141414141414141414141414141414141414141414141414141414141414141414141414141414141414141414FFC00011080064006403012200021101031101FFC4001F0000010501010101010100000000000000000102030405060708090A0BFFC400B5100002010303020403050504040000017D01020300041105122131410613516107227114328191A1082342B1C11552D1F02433627282090A161718191A25262728292A3435363738393A434445464748494A535455565758595A636465666768696A737475767778797A838485868788898A92939495969798999AA2A3A4A5A6A7A8A9AAB2B3B4B5B6B7B8B9BAC2C3C4C5C6C7C8C9CAD2D3D4D5D6D7D8D9DAE1E2E3E4E5E6E7E8E9EAF1F2F3F4F5F6F7F8F9FAFFC4001F0100030101010101010101010000000000000102030405060708090A0BFFC400B51100020102040403040705040400010277000102031104052131061241510761711322328108144291A1B1C109233352F0156272D10A162434E125F11718191A262728292A35363738393A434445464748494A535455565758595A636465666768696A737475767778797A82838485868788898A92939495969798999AA2A3A4A5A6A7A8A9AAB2B3B4B5B6B7B8B9BAC2C3C4C5C6C7C8C9CAD2D3D4D5D6D7D8D9DAE2E3E4E5E6E7E8E9EAF2F3F4F5F6F7F8F9FAFFDA000C03010002110311003F00FD399896624F4AA53375AB93B567DC3761D682595A55DD8A61F4A91BEE8CF5A8CD02236CB36053BA52EDEF5C77C5EF8A9A2FC17F00EA5E2AD76422D6D576C7021024B894FDC8933DC9FC8027A0A04760CBB948A40B8AFC88F1B7FC1483E2FEA7E2AB8BDD27578344D34481A1D360B38658D541E1599D0B37B9C8CF6C57DABFB1AFEDAD63FB49433E81ACDA45A478D6CA1F3DE2809F22F220705E20492A572B9524F5C824640570699F50BB6381D69CABB7EB46DF9B34B4C44919FCEAE5BF1CD67C2DB8D5E869D86682B7CBD68A621F9451458771B70D819AA5F7BE6357265DD8AACDD2802AC9D335122966C9E9524996600539569923715F14FF00C140253E2EF15782FC2124AC9A6DBC12EAB7718381233388A2FC46D97F0635F6C95DC08AF913F6C6F0E9D6BC75A44BA6EA767617F05822DE4D74B910422491909CE012C4B0033DAB9B113F674DCAE75E169FB5ACA36B9F10FC57F86961E1C92374D3E080F96B9C201DAB2BF66BBC7F017ED09E00D6AC3F71BF58B7B5976F4F2A6710C99F6292357AFF00C4CBE8A4F04AADDDEC37B79E637957F0C4083900700E4671F5AF1CF04B27857C4565AEEE9B54FECBBD86F0DADC1F2642D148B26CCEDE01DB807071EF5E4E1AB733BB7A5CF731B87518A496B6F23F6B996A27E781547C2FAE8F15785B46D6D206B65D4ACA1BD581CE4C6248D5F693EA3763F0ABFB76F35EF9F2C3A3C2D598DFA63AD51F3319353DBB73934C0D68FEE8A2A0593E5145051349DAAB377AB527155392C4D21B2161DE8E9CD3D85463F78DED4C91CB92B5F2D7ED19E153E26F8A8DA72EDB76B8D3ADAE1269103ABBA4920C15279C6D1C7BD7D50062BC6FF69AB48ED7C2BA7EBD0C0BF6CB4BC8E06B803E6113861B49F4DDB7F3AE5C55372A4EDD353BB055142B2E6D9E9F79F017C5EF03DCFC35F05F87F4AB7B97BA1A6DE2B9B98630A7CCC16E8072402B9AF3BB5D06EFC597C2CF4F33EABABEAC5E38A3DDB9E6924DD80B9F566FCCD74BFB456BBA4EBDAB5E5C5BEAB0C52A3AE21B8BB7691A542A3E54DD845FBD8C0E4926A7FD97564D5BE367C3D5861319FED78098FF00BA118337E8A4D7934E949C95DE8D9EED7AF4D41A4B548FD61F0CE9ADA3F86748D3D976B59D9C36E5739C1440B8FD2AECBD2ACC8BB5AAA5CB6DE075AFA0B1F244183BAA78CF4A8569EA71F5A00BA927CB453234F9067AD1416694D966C0A8596AD48BD7D6AB4BF2826802075C8C50ABB452F500D154488C6B8BF8D9A7DB5E7C22F148BAE2386D0CEADE92210C9F86E03F0CD7731C25CE7A0AC7F89DE118FC61F0CFC45A0198C1FDA76525B79A0E0A9618047B83532D9A2A1F1267E5BF8FF504D37C3F7979A6B69965F692CB2B4EBFE9590725703A9539EBD0E6BCB7E17FC5497E19FC40D13C43A6C51DD3E9131984727DD909054838F504FE75E83F183C1B06A8B299A3934BF11DB660BFB56040F357E56F94F6CA9C30EA306BC8FC17E057F15F8BBC39E1884667D6B52B6B103A70F2AAB1FC0127F0AF1A125B2DCFA1AD19C97BCBDD4B7EE7ED8785FC451F8AFC2FA5EB2919816FADA39FCA6EA85941DA7E99AB8CBBB2C6B274E861F0C5B47607E4B585551481C2E0607E15B2CCAC80A90CA470457B51BDB5DCF9B96FA15B1F353E352CD934D53F31A99298916517E5A29C83E5145495A947C2F7935E4FAF89A769BC9D4E489031FB8A1130A0761CE7F1CF7AD57FDE37B563F856DE48EEBC4DBE09202DAABB0F333F38F2A3C30CF623D3D0D6E32ED18A651032D4B6B0F9AC5CFDD538A8653B4E075AD1584C765B07DEDB9FC7AD3248A35DCCCA7AA9C524C82622371BD08C37D2A4917E65917A9183F8522F4E472698CF9B3F6ECF82973F113E148F11E83196F13785D8DE22C719692EED71FBE838E4F1F381CF2840FBD9AF28FD9EFF0064F7F02EADA478DFC41267C551C4EF6DA6471864D3F7C6503337794066E9C293DC8AFB835691A3D3A748DB12B00A3DB271FE359B63A6C51AB1DBFC447E5C563ECA2EA7B4B6A747B79AA5EC93D0E3AC74DD464FDDCEF234246DDB236E3F99AE860B5934F8080C5900CEDADA68E38FA2D44D11994E7B9007E75B72F539BC8CE89BBFAD59471540483CC72A7E5CE4558B76DED9ED4126B46DF20A29B19F945152329F845E29750F1408B6911EA8509589539F262620E00CF2C79393EF5B922F3597E1595E6D4BC54AFF00763D50A22ED2A00FB3C27A1F5249CF19CE7A727564CB3F1D05329907961E651EA715A5336D03D3A555B78F75CAFB73525F29923D80E0B0C67D0F6A60858F124208E99C8A637FAC1525AC826B5538C1C608F71D6A299B6C8AA3963401964FDA350BDC9F950C6A3EBC9AB1B76C846301B27F5350E9BFF212BE07041656E47A0AB975F2B211C9C62988CFBC9BCAC91DAA96A17DE5E99F237EF25C22FD49C1FD334DD62611EE5CE1AB126BD55BED3616F987CCDB7FDDFF00F5FEB4C934268C46CCA3F870BF954F6BC1C51244DBB6919723737FBC79C516BD735206A211B4514D8D19D723F9D14866D45616FA77DA5EDA1585AE65334BB0637390016FA900521E168A28453221334326E5EBD2AD9F9A1DC7A919A28A60B633F47999E6BE527E5594003FE000FF005A9D7E6B8727A81C514537B89199A4E5AFAE189E72455CBA63F698076248A28A3A8BA1C66BF70EDAA5C479F94103F4AE7F4291EF3C70C2562CB1C4AAA3B00464FEB4514C85B9E8F246A85580E4D62DBB9DC28A2A5946C47210800A28A29167FFD9),
       ('CUST0020', '554 Goldenrod Ave', 'Other', '555-4457', 'Riley Turner', 'NID567890', 0, 'AR-010', NULL),
       ('CUST0026', '987 Cedar Dr', 'Male', '555-1010', 'Owen Carter', 'NID890678', 0, 'AR-006', NULL),
       ('CUST0027', '123 Spruce St', 'Female', '555-1213', 'Mia Phillips', 'NID901789', 1, 'AR-009', NULL),
       ('CUST0028', '456 Redwood Ln', 'Other', '555-3435', 'Parker Murphy', 'NID012890', 0, 'AR-007', NULL),
       ('CUST0029', '789 Pine St', 'Male', '555-5657', 'Samuel Cooper', 'NID123901', 1, 'AR-010', NULL),
       ('CUST003', '789 Pine St, Gotham, NJ', 'Male', '11234567892', 'Robert Brown', '456789123', 1, 'AR-006',
        0xFFD8FFE000104A46494600010101012C012C0000FFE100564578696600004D4D002A000000080004011A0005000000010000003E011B00050000000100000046012800030000000100020000021300030000000100010000000000000000012C000000010000012C00000001FFED002C50686F746F73686F7020332E30003842494D040400000000000F1C015A00031B25471C01000002000400FFE10D6E687474703A2F2F6E732E61646F62652E636F6D2F7861702F312E302F003C3F787061636B657420626567696E3D27EFBBBF272069643D2757354D304D7043656869487A7265537A4E54637A6B633964273F3E0D0A3C783A786D706D65746120786D6C6E733A783D2261646F62653A6E733A6D6574612F2220783A786D70746B3D22496D6167653A3A45786966546F6F6C2031312E3838223E0D0A093C7264663A52444620786D6C6E733A7264663D22687474703A2F2F7777772E77332E6F72672F313939392F30322F32322D7264662D73796E7461782D6E7323223E0D0A09093C7264663A4465736372697074696F6E207264663A61626F75743D222220786D6C6E733A746966663D22687474703A2F2F6E732E61646F62652E636F6D2F746966662F312E302F223E0D0A0909093C746966663A5265736F6C7574696F6E556E69743E323C2F746966663A5265736F6C7574696F6E556E69743E0D0A0909093C746966663A585265736F6C7574696F6E3E3330302F313C2F746966663A585265736F6C7574696F6E3E0D0A0909093C746966663A595265736F6C7574696F6E3E3330302F313C2F746966663A595265736F6C7574696F6E3E0D0A09093C2F7264663A4465736372697074696F6E3E0D0A09093C7264663A4465736372697074696F6E207264663A61626F75743D222220786D6C6E733A786D703D22687474703A2F2F6E732E61646F62652E636F6D2F7861702F312E302F223E0D0A0909093C786D703A43726561746F72546F6F6C3E41646F62652053746F636B20506C6174666F726D3C2F786D703A43726561746F72546F6F6C3E0D0A09093C2F7264663A4465736372697074696F6E3E0D0A09093C7264663A4465736372697074696F6E207264663A61626F75743D222220786D6C6E733A786D704D4D3D22687474703A2F2F6E732E61646F62652E636F6D2F7861702F312E302F6D6D2F223E0D0A0909093C786D704D4D3A446F63756D656E7449443E786D702E6969643A31376130626162622D303366662D343737612D383762372D3836333137323566306366323C2F786D704D4D3A446F63756D656E7449443E0D0A0909093C786D704D4D3A496E7374616E636549443E61646F62653A646F6369643A73746F636B3A35613332623631622D343839382D343238632D626135372D3861663332663533333434333C2F786D704D4D3A496E7374616E636549443E0D0A0909093C786D704D4D3A4F726967696E616C446F63756D656E7449443E61646F62653A646F6369643A73746F636B3A3538363439343636373C2F786D704D4D3A4F726967696E616C446F63756D656E7449443E0D0A09093C2F7264663A4465736372697074696F6E3E0D0A093C2F7264663A5244463E0D0A3C2F783A786D706D6574613E0D0A202020202020202020202020202020202020202020202020202020202020202020202020202020202020202020202020202020202020202020202020202020202020202020202020202020202020202020202020202020202020202020202020202020200A202020202020202020202020202020202020202020202020202020202020202020202020202020202020202020202020202020202020202020202020202020202020202020202020202020202020202020202020202020202020202020202020202020200A202020202020202020202020202020202020202020202020202020202020202020202020202020202020202020202020202020202020202020202020202020202020202020202020202020202020202020202020202020202020202020202020202020200A202020202020202020202020202020202020202020202020202020202020202020202020202020202020202020202020202020202020202020202020202020202020202020202020202020202020202020202020202020202020202020202020202020200A202020202020202020202020202020202020202020202020202020202020202020202020202020202020202020202020202020202020202020202020202020202020202020202020202020202020202020202020202020202020202020202020202020200A202020202020202020202020202020202020202020202020202020202020202020202020202020202020202020202020202020202020202020202020202020202020202020202020202020202020202020202020202020202020202020202020202020200A202020202020202020202020202020202020202020202020202020202020202020202020202020202020202020202020202020202020202020202020202020202020202020202020202020202020202020202020202020202020202020202020202020200A202020202020202020202020202020202020202020202020202020202020202020202020202020202020202020202020202020202020202020202020202020202020202020202020202020202020202020202020202020202020202020202020202020200A202020202020202020202020202020202020202020202020202020202020202020202020202020202020202020202020202020202020202020202020202020202020202020202020202020202020202020202020202020202020202020202020202020200A202020202020202020202020202020202020202020202020202020202020202020202020202020202020202020202020202020202020202020202020202020202020202020202020202020202020202020202020202020202020202020202020202020200A202020202020202020202020202020202020202020202020202020202020202020202020202020202020202020202020202020202020202020202020202020202020202020202020202020202020202020202020202020202020202020202020202020200A202020202020202020202020202020202020202020202020202020202020202020202020202020202020202020202020202020202020202020202020202020202020202020202020202020202020202020202020202020202020202020202020202020200A202020202020202020202020202020202020202020202020202020202020202020202020202020202020202020202020202020202020202020202020202020202020202020202020202020202020202020202020202020202020202020202020202020200A202020202020202020202020202020202020202020202020202020202020202020202020202020202020202020202020202020202020202020202020202020202020202020202020202020202020202020202020202020202020202020202020202020200A202020202020202020202020202020202020202020202020202020202020202020202020202020202020202020202020202020202020202020202020202020202020202020202020202020202020202020202020202020202020202020202020202020200A202020202020202020202020202020202020202020202020202020202020202020202020202020202020202020202020202020202020202020202020202020202020202020202020202020202020202020202020202020202020202020202020202020200A202020202020202020202020202020202020202020202020202020202020202020202020202020202020202020202020202020202020202020202020202020202020202020202020202020202020202020202020202020202020202020202020202020200A202020202020202020202020202020202020202020202020202020202020202020202020202020202020202020202020202020202020202020202020202020202020202020202020202020202020202020202020202020202020202020202020202020200A202020202020202020202020202020202020202020202020202020202020202020202020202020202020202020202020202020202020202020202020202020202020202020202020202020202020202020202020202020202020202020202020202020200A202020202020202020202020202020202020202020202020202020202020202020202020202020202020202020202020202020202020202020202020202020202020202020202020202020202020202020202020202020202020202020202020202020200A202020202020202020202020202020202020202020202020202020202020202020202020202020202020202020202020202020202020202020202020202020202020202020202020202020202020202020202020202020202020202020202020202020200A202020202020202020202020202020202020202020202020202020202020202020202020202020202020202020202020202020202020202020202020202020202020202020202020202020202020202020202020202020202020202020202020202020200A202020202020202020202020202020202020202020202020202020202020202020202020202020202020202020202020202020202020202020202020202020202020202020202020202020202020202020202020202020202020202020202020202020200A20202020202020202020202020202020202020202020202020202020202020202020202020202020202020202020202020202020202020202020202020202020202020202020202020202020203C3F787061636B657420656E643D2777273F3EFFDB0043000302020302020303030304030304050805050404050A070706080C0A0C0C0B0A0B0B0D0E12100D0E110E0B0B1016101113141515150C0F171816141812141514FFDB00430103040405040509050509140D0B0D1414141414141414141414141414141414141414141414141414141414141414141414141414141414141414141414141414FFC00011080064006403012200021101031101FFC4001F0000010501010101010100000000000000000102030405060708090A0BFFC400B5100002010303020403050504040000017D01020300041105122131410613516107227114328191A1082342B1C11552D1F02433627282090A161718191A25262728292A3435363738393A434445464748494A535455565758595A636465666768696A737475767778797A838485868788898A92939495969798999AA2A3A4A5A6A7A8A9AAB2B3B4B5B6B7B8B9BAC2C3C4C5C6C7C8C9CAD2D3D4D5D6D7D8D9DAE1E2E3E4E5E6E7E8E9EAF1F2F3F4F5F6F7F8F9FAFFC4001F0100030101010101010101010000000000000102030405060708090A0BFFC400B51100020102040403040705040400010277000102031104052131061241510761711322328108144291A1B1C109233352F0156272D10A162434E125F11718191A262728292A35363738393A434445464748494A535455565758595A636465666768696A737475767778797A82838485868788898A92939495969798999AA2A3A4A5A6A7A8A9AAB2B3B4B5B6B7B8B9BAC2C3C4C5C6C7C8C9CAD2D3D4D5D6D7D8D9DAE2E3E4E5E6E7E8E9EAF2F3F4F5F6F7F8F9FAFFDA000C03010002110311003F00FB2ADAF6E3FE11012ECCCFF66CF97DB38E951F86DA69B47B76B883ECF291CC7E95B36A8BE585C7CBD314C9BFD6B28E2BD5C7A5C8BD4E1C2BF7C7D8AE6F63FC7F91AD191B64F38FFA687FA551D357FD363FA1FE55A122837538EFE61FE95C982F8CDF15F00CDC58E3152AB6D038AF37F89DF173FE10D93FB3F49821BCD49799649B3E545FECE01C96FC78AE07C3BFB43788D6F8FF006A5959DDD9EEF9BCB531B81EC738FCC574D4C7E1E94F924F526965F89AD0F6918E87BECCBBAF2338E40FEB5078CA678FC2B745065BE5FE74ED1756B3F12D9DB6A1612896DE55FC54E465587622A2F8899B7F05DEBAB0565C1C9FAD6D092BCA4B5FF8639E516AD196860F876E246B25CF04D753A7CE1300819FAD79FC5E1AB8B8D16C8DA6A6F04F9669180CEE04F03F0A92C7C29AB0625B5D95B9FEED73D6937B44EDA3CBD59EB76EDE759CA07F171564A7996DB77608AE62C5A4D2FC36CB2CED34918FF587A9E6B6ECA62D1C4BBB9207E35E32F7B9A2D1E8B5B34247A5DCDD6E78A2674C91BA8AEFE38D618D51142A81C01451F57819FB79F4478B40C40FC68907EF09A86382458FEF1DD53AAB6DCB75AFA0C7FF000D7A9E3E13E364DA6FFC7E2FD0FF002AADE37F112F847C3FAB6ACC017873E5AB77762157F522ADE94BBB504CF4C1FE55C0FED1FB93C0776E59844B788640BD4A85638FCC0AF2A94DD38CE4B7499E8382A9521096CDA3E77BCD72EB5BBC99E44795998BB4879249EA6ACC31BF9A8A1594E792715C0B78BF54B7B88EE1AC2D6CF4E460640936E9C03D091DABAEB8F139B4D162D4223133B9FDDACE76AB73EB5F23564DC8FD1A84128688FA0FE0F6A49A5EACBA723F9905CA86763D15FA8FF0FC7DABB6F8C97261F877AB329FBA83FF004215E5BF0A25B9F96EEEA08E199D91A2F2DB72B8C83907FCF5AF48F8F005BFC2DD63B128BFFA10AFB0CAE4E747959F019C454311CD12AF846E0369306E3FC03F956C5BCE3CC3CE39AE67C2CA5B47B60BD4A8FE55BBE585E17A819FAD7AB522AF63C9A72EA6AEB17017C3570D9C0207F3AD3B7919E380C646E500D715E3FD5A0D33C05389E531B49B426D0492777B558F0478AEC75B9163B39A498AA80D94200F6CFAD78F1A579499EAB9FBA8F50FF8492F580C151C7A515911BACA8195B8E9456BCA657479B4DE2566F0CB6B36B03C8A60F3D21E84F19C56878375C93C4DE19B2D4A581AD9EE137189B92BCF4AE774B9AF63F00C6CF0225D8B5E611F74363A56EFC3B92EA4F06E9CD7B02DADD143BE14E8BC9E2BD2C77F0D2F33CDC27C4FD0E974AFF90827D0FF002AF3BFDA519E6F068B1452C2EEFD636DA70DF758F07B74AF46D378BE53ECDFCABC9FF6ACBE6D37E1F19F2542EA49B88F78A4C7EB8AF0E57F633B763D8A16788A77EE8F8EF54F8431C7ADCB671CB1E6E8E58C723BCCEA0E49639200F9BA9F5AF51F883F0A6D75AF02E9CD34C161B193CA5591DB6B70013C7A71C9F5AF9A26F8B1AC6B97F79168D14D0DD966B78EE1645528A08CF07AE715EBBE19F8B1E2EB3B178B59B59EEB48FB388A4F25E3547E39623D7240C6466BE7A54EAE8DFE67DBC6AD1D5415D7A687B97C2BD3E6F07F866F2EA259112C62332DB34ED2C44819CAEECE338E80E2BD93F681BDFB57C21D4A60029922889F4C965CD7CE1F017E210F19D8DD787E0959AD5EE12D43B8FE0620807DC0602BE88FDA2955BE13EA888762EE8474E9FBC5E2BDFC9F9F9A5CDE5F7FF563E533DF67EE3879FDDA7FC133F49D734DF0FF0085AD6F752BEB7D3ADD76AF9D712045248E064D57B4F8D1E18B8BABD866D6F49B78811E5CBF6D43BD7BF1DAA3B5D36CB5EF07E9D0DEDBC575079D1B6C95432E403CE0D6D7FC207E1DFF0084D2EE51A3596FFB36DCF92BD368F6AF4F1139C6A34BA1E1D18C5C136713E34F1A69BAACD6F796DABE972E94EBE5433B5F055665FBC00E87048A8FC23F13B42F0FDC2C571AF693670B499263BE5638F5FAD74BA7F81F4187C077F6FF00D9569E44736523F28614B15CE3D2B3B57F00F86E687C36C745B1250020F923FBC3DABC8719F373731E8C5C2D6E5F9F53D6BC3F676DE28D35351D2B5296F2C266263991861B9EDC51597A4F8C34AF06D98D2FCD86CD2366648570A1413D851584B31841B8C9EA8C395141ADB5354D8F63B17D90D6AE9EB247668AC9B187518C55C9BE215E5C2858ED628BDF19AA7A86BD6FA6E8F71ABEA93AC16D0A9925908E83D87AD7D1E21D49C12947A9C54546326D33534B53F6C424766FE46BCDFF0069FD15758F847E2AC9556B455BD52E70311B066FC76EEFCEB9AD57F69848A5D9A0E91B9F071717CF8551EA557DBDEBE4DF8EDF17BC43F1C3C45168171A949FD901F7DC416DFBB89941F41D49F7CD7450CAEB4D38D4564D58258B8C24A507769DCF3AF815AFE9FE1BF185F6AA4466E2C6EA4CC9346244F2988CAB2F7076F5EA3B57D61E2AF8A7A47C5AF02EA5E1E8469F63A6496C4DEC7A7E1E59A3CE76838F901391C73DABE31D42283E16788AE2F920FB4D86A2EE3CA9412810161D7B9C823F3ADFD0FE33594D62FA2F87ACFCBBABF0226946495C9CF1F9FE95F2B88C3D58557047D8E1B15425454A7B9ED3FB18EA5A6787F5BB9BBB80D1E976D757378ED0A33EC4036AFCABCB7F0F41DABEEFB9B8D23E22784D2E6C2EED753D2EE0AB2CD0B0746C7F5F6AF89FE0978662F06F806C35149306FEEA68542F01BC98C090FB80F2819F5073D2A6F05FC52BAF863F11AF8E9F85D2EF486BBB1CE2390E7EF81D03673F30FC6BEA70397CE5857569BF79B6D7E5FA1F258FC54655D425D125FAFEA7D55AD686341D3EC22B701D1AE90055E368E79AB08D75FF0009A5EA6D5C8B5C97FE1EDC7D715C178B7C7F178CB49B0834DD7AE3C35335CABB5D2C68DF2807284B02067239F6ACBF166A1E23F04EA46483C4F71A9C132615A648CF6073950335E757856A7775A361D29424AD0675AB71767E1FEA4C8A1099986243DF200A8352BAB98E4F0A44501DC8B82A781D0F3F8D1E07D72F756F04DA5C5DC8B2C933C85FE400361B038A835AD6AE967871B0988811FC83E5FA579F2AD18EE8E9B32A78E3E19EAFE2BD696FE09A38D5A2542BCFDE04E68AEBEDFE33695E14B582C354B59A5BAD8242F191821B9F5F5CD153F51A753DF69EA73CA514F56713E1FF008D5A3EA125F2DC30410DC18E32AA46576A919C9EBC91F85657ED25E3089BE1AE831DA484C3A8DC17E0F50A42E0FB65FF004AE57C37E17D3EEAE355F90FCB78C07CD9FE04FF00EBD79C7C66D71AFB55B1D36290B5A59CA96D08CF4084B37FE3C1ABEC3054A756BC5CB65A9C15A718537CBD4E5FC55AE4F0D8CC125280A90769C7E15C6F81ED196E2E6F5D4BAC836866EA083C0FD79AB7E24BA6B8C5BA0C963CD5ED057C8D1EDD075DB93F5C9CD7D6FB3B3B9E4737BB62B7C4AF06C175E0DF085F5E2936FA81BDB646CF0924570EEBF8B095FF00EF8AE0343F0C471EB961A3F876058756BB7F296EE46CAC0B825E527B0550CC4FA035F466BDE15BEF1E7ECEFA3DBE9D685EEB44D61EE50FF14E5DE7122A8EF80F1FD4E4556FD96BC1506A5E2AF166A37B64C45AE9A6CE36953FD5CB2380C067A36D5607D98FAD7E6D8EA139661CBAA8C9FF00C39F7783AB4E397B9B4B9E3FAEC7A57C62B1B3F86B73E08F06E9D892C743D1C207DDCCB24CE4C8E7D4B18C313DCB1AF06F175C3C97AB2469F342C43C9D3278C8C7A020F3EF5DE7C5EF17C9ADF8E4BCD161ED63B7B462A7E5CC712E48FA9278AE1EF2137D1CC53E6CC848C9E700723F957E8985A4A142315D8F83AD36EACA4CED741D71AE34101D8B0038E7D2BB2F076A4FAF697AADA4D2175B38FCC4C9CED38C91F963F3AF21F0FDD3258B47CE15BA7B57A67C1198358EAB3901BCE924E1BBE0ED51F9014F17878D6A128BEA451AAE9D45247B9F817CBB7F0369699C0C39FF00C7CD57D49524BA5C1CF22B7D574FB1D32D23481C42109550471C9ACAB9D5349598030CC1B3DB15F8F548EA7DA2352EBE0ED978B3C9D46E618E5778954175C9000E94579EF893E216A9A6EBB776B6BAC3DADBC255562C8F97E453FD68AFA0A74E9F246ED1E7493E67EE9E807FB1349D1FC65A9CBA4C2069B2CB2811BAE0ED811C670A31D4039C9E3A9AF85B5ABE77D6ED5647F31A4B979031E7AA3927F3AFA97E39F8E3FE117F877E2AB68F6C536A1A99B5F90924C42189E5EDC923231FED62BE26935292C75CB0825CCB692484DB4EBF36D254FC87DB0783DC57D364F06A9CAA4BAB3871CD73A8AEC74F75FF001F4D2E338E956EC1BC9B7042FCA1982FE66A39D55D54AF39F7AAF693158DD4FF000B103FCFE35F553478D13EABFD9EEDFF00B4FE194D0CE0C623BA91E3906323E6CE7F31FA577B0E891687A3C46DC335E5F21B8BA9DD1034D3B05009DA00E06D1D3B579FFECED3B1F86778A4636F9B8CFF00BC4E7F5AF4FD4AF05BE9F6B2BAED4821698E4FF0A203FD2BE4AB5F9E4BB367B30D93F23E2EF154C26F116AB3024A49A84EC8DFEC991B1FA62ABE9E0C91CA9C911A839033D49CFE98A82F64692D623BB3231DC7D49AAFA3EA1E75EDE22E46588E78FBA71FD2BEAE9C795289E349F336CB7672B4771214E14AF41DB15DD7C33BA92DFC226546DAFE50738EEC7FFD75E7B0C816497736D08198E0E780326AE693E2F7F0FF0085AC2CEDF135ECC8A238FF00DAC753EC2B4946EAC67A9F5EF87F541AB787A062C0B44CD19E7A739C7E19C7E159B77106BE4E7F8AB17E12F936FA0DA69F7370A24F23CD79246C65C9CB7FE846BABB8D3ECD65122DE42581FF009E82BF24CDB0EE962E692D1EA7D7E0EA7B4A31679E7C42F06BEA1E269AE6155024452DC9E4E319FC80A2BD475ABED3ECAE2149A1B8F30C4AC71B70793D3F2A2BA153A5657B9B29CFB23C63F6BC905A49A35B428B1C7289AEDCAE72D29D8BBBF28D6BE37BD63149A7AA92105EA955CF0BF395C0F41ED4515F6B977FB9C7E7F99E0E2BF8EFFAE87A4C6C56DE31D7E5AACBF2CB729DB77E3F7451457BD2D8F316E7D3FF00006678FE14EA7863C2CA47B726BD17C7770EBE11D5083829A4DD15FF00BE00A28AF94ADFC497A9EBC7E15E87C6D703F71103CFCB9E7E95CF6893346D6D20FBEC064FAF14515F58BA1E3742EF886EA4B1B3D61E26C32D85C48370CE0F96D5CA43AA5C5BDCA5C230133DC2DB0623EE20FEEFA5145297C454763E98F024CFA978BECED2E0F99035A3657FE058FF00D947EB5BFE28F09D82C8155645124AAADB5FB138A28AF85CF3FDF21E9FAB3DFCB7F812F5FF0023B2F124624BB80392DB2054049EC09A28A2BC9A8DF3B3D1A7F0A3FFD9),
       ('CUST0030', '321 Oakwood Ave', 'Female', '555-7879', 'Ella Reed', 'NID234012', 0, 'AR-011', NULL),
       ('CUST0031', '654 Maple Dr', 'Male', '555-9091', 'Daniel Bailey', 'NID345123', 1, 'AR-009', NULL),
       ('CUST0032', '987 Walnut Ln', 'Female', '555-1011', 'Scarlett Morgan', 'NID456234', 0, 'AR-006', NULL);
INSERT INTO energy_manager.t_customer (id_customer_key, tx_address, tx_gender, tx_mobile, tx_name, tx_nid, is_state,
                                       id_area_key, bt_image)
VALUES ('CUST0033', '123 Redwood St', 'Other', '555-1214', 'Reese Bell', 'NID567345', 1, 'AR-007', NULL),
       ('CUST0034', '456 Cedarwood Ave', 'Male', '555-3436', 'Luca Watson', 'NID678456', 0, NULL, NULL),
       ('CUST0035', '789 Pinecrest Dr', 'Female', '555-5658', 'Zoey Mitchell', 'NID789567', 1, NULL, NULL),
       ('CUST0036', '321 Birch Ln', 'Male', '555-7870', 'Henry Diaz', 'NID890678', 0, NULL, NULL),
       ('CUST0037', '654 Oak Dr', 'Female', '555-9092', 'Lily Kelly', 'NID901789', 1, NULL, NULL),
       ('CUST0038', '987 Maplewood St', 'Other', '555-1012', 'Quinn Lee', 'NID012890', 0, NULL, NULL),
       ('CUST0039', '123 Cedar Ave', 'Male', '555-1215', 'Gabriel Hughes', 'NID123901', 1, NULL, NULL),
       ('CUST004', '321 Maple St, Star City, CA', 'Male', '11234567893', 'Emily Davis', '321654987', 1, 'AR-006',
        0xFFD8FFE000104A46494600010101006000600000FFDB0043000302020302020303030304030304050805050404050A070706080C0A0C0C0B0A0B0B0D0E12100D0E110E0B0B1016101113141515150C0F171816141812141514FFDB00430103040405040509050509140D0B0D1414141414141414141414141414141414141414141414141414141414141414141414141414141414141414141414141414FFC00011080064006403012200021101031101FFC4001F0000010501010101010100000000000000000102030405060708090A0BFFC400B5100002010303020403050504040000017D01020300041105122131410613516107227114328191A1082342B1C11552D1F02433627282090A161718191A25262728292A3435363738393A434445464748494A535455565758595A636465666768696A737475767778797A838485868788898A92939495969798999AA2A3A4A5A6A7A8A9AAB2B3B4B5B6B7B8B9BAC2C3C4C5C6C7C8C9CAD2D3D4D5D6D7D8D9DAE1E2E3E4E5E6E7E8E9EAF1F2F3F4F5F6F7F8F9FAFFC4001F0100030101010101010101010000000000000102030405060708090A0BFFC400B51100020102040403040705040400010277000102031104052131061241510761711322328108144291A1B1C109233352F0156272D10A162434E125F11718191A262728292A35363738393A434445464748494A535455565758595A636465666768696A737475767778797A82838485868788898A92939495969798999AA2A3A4A5A6A7A8A9AAB2B3B4B5B6B7B8B9BAC2C3C4C5C6C7C8C9CAD2D3D4D5D6D7D8D9DAE2E3E4E5E6E7E8E9EAF2F3F4F5F6F7F8F9FAFFDA000C03010002110311003F00FD29905739AE2665C8FF003D2BA7916B9ED6D7F783FCFA566396C4BA58C487FDC15A09F77F1AA5A6AE266FF7055E5FE2FAD008A1AA4B0DB5BCD34EE91451C6CCF239015540E493D857C7BFB427C61F87D3FC0AF10F8674FF001AE8FA96ABF62686DED6DEE95DDF0DC2803BE0579AFF00C140FE32F897C61F101BE1B78425BE7B0D3600751834F2D9BA99F04ABEDEAA80A8C1E37139E95F11F8C3E13F8CBC370C571A9E8D756C194382EA4B007D71D2BA214E09A94E567D11E7D6AB526A50A706D2DD96174BB965CAC8CAA79C06C5775F0274C9D3E3478259E67DA357B627E63FF3D0575DFB16693A87C4FD4B57F0BC7A2E9BAC6A16308BC8FEDAC11FCADC15867BE0B27BFCD5F69784FE02789347D7B4DBA7F06683671DBDC248D347382E803024AF1D6BBAA554AEAC7914B0B276927F81F469036E3AD665E2FEF0FD2B547DDACFBD5F9EBC667D19E77F1B2D7ED9F077C69028663269372368E7FE599AFC9B8FC1D7D22FCB6572DF4858FF004AFD93BED365D62C6EAC6068D66B88DA34328CA8241EA3D2B8787E02F8890FCDAA692BDB6A591C7F3AEAC3D5F669E87062B0FEDE49F63F2A3FE107D4BFE81D747FED837F8515FAC47E03EA67AEB1660FB597FF006545757D61F638BFB3FCD9F43C82B9ED687CCA6BA3905606B43E65AF34FA096C4963FEB4FF00BB56D7EEB7D6A9D87FACFF00807F85589EE22B3B59E799F6431A97763D80192681C7B1F2BFC1BF08DA5E78F7E27F8BAE6DD1E6D5F5A9A3B7948C91023B28C1ED9FE82B3BE2A7C32B6D62DEEA4671C6796E78C554BEF156B3E04F85B6D7BA1DD697A7492DCDC9B9BBD6048C836CAEAA88A80924ED279E9F8D66FC52F88F7DA57C37D32FA1BAD164D63528A37373712B2DA1C8605971F376E9F5AF0B1919569A927ADCF7B033FABC6D6D12D4F14FD95F4183C0BFB716876E91EC8F50D36EE21E592ABBFCA77C903AE427F9C57E9F332856E46715F9A1F02A69D7F68EF865AC6B73E9F0DD3DCDEA35D5B4E1ADA58FECB2EC64638EA5F6E0F39AFD1C78637BF9DC33170002BB8E071E95EED3939538DDEA91E0D58A8D69F2AD1BBFDE932A28F96A9DE2F53ED57D57E51552F23EBE98A4CCCA5A4FFC85A0FF007EBB292B8FD3976EA501FF006EBAD6CB36075A23B14309A2A416D9EAD83ED45681636E4AC1D687DDADE92B0B58FBABF5A91BD834FF00BC3FEB98FE94BAB59FF6868FA8DAFF00CF685E3FCD48A6E9A738FF00AE62AFA7F154DAFA1516E2D34780692B6B37806396FB2970F77731C8A8704B9B89014F7E73F9579FFC52F0EDAE99E24F0E4CA043631C3E5A3A107CB624927E993DABC93E3F7C4ED77C23F14EF3C05A6C8D22AEBAD3C36B09292B2C8B24C234704105FCD500E473F8D64FC7FF00B0597865B54B1F15F885350891A4B7D36EE105A1232CC647E571B727866E801E4D78F5306F9ACDDAE7BB86C5FBAE71574B73A8F115AE91E0CF8A1A31D51E282D409E692E0216F2E30623238007A1EDD738EF5F47587ED6BF0B750D6A2B4B3D7659EF2FA68E08D16CE6019D8855192B81C9AF99BF646B4B4FDA33E266B93F89E11A969BA3E871DB9B70C447E64AE80E71C9CF90C71ED5F526B1FB3FFC34F0BE9775A969FE16B08751B24F3EDE4504BAC8BCA9193D72057A787A4B0D49FB5DEC78B8CC44F19523EC6DCB7EBF23D4B67CBC555BA8F77E55C3490F8BAEA3056F278723F8625E2A85D687E2D6196D56E98E3A00A2B9258B76FE1C8D96197F3A3B8122D8B35C3825210642075C019AF1C4FDBF3E1932A948B5A7273B80B31907D397ADCF0EF87F5AD7A27371AA5E1CCAD0950E00EB8C55D87F669D120000B0B6C63B05FF000AD28E26525754DBF9D88A987E5765512F95FF00C8E067FF008285781126655D1F5D650786FB3C7CFF00E44A2BD117F668D01864DAC2A7D38FF0A2BA7DACBFE7D7E3FF0000C3D8BFF9FDFF0092FF00C13DE643587AC7FAB1F5AD991AB1B54F9A23FE7BD6A27B0DD2FA67FD8FEB5A11A9CB552D293E51FEEFF5A76B1AE69DE1AD3EE350D56FADF4DB28972F7175208D17AF73424DBB215D25767E68FF00C14834582C7E305A78AF41BCC5EDAADBDBEA4225656B6BB552F0B16C632D114C60F1B39AF947E207C63F1778C74DFB1EA7E20B8BE866C79C8E0027D988E4F6EB5F5DFC54F88DA0F883C7FE286D7961BEF0AF892ED90492FCBB7CBC882419C10360FA8C0F4AF08F12FC22F08F83ADEE75FB79E6B8B3B75F36132CA244727EE6DC0E7F1CD75D67F57A8A95686BA59DB7BFEB73CBC3B963694ABE16A25177E657B5ACF7F34D6A7D8BFF0004B7F0DD8E8BF0AFC5176D2675FBCD4A33790FF14502C59801F725A63F8D7D57E2931791A87EE55A5D814311ED5F95DFB25FED51FF000CFBE32D46EF54B59B54D0B5D31ADFA40FF3C4558ED9501E18AAB30DBC641EB5FA95A0F8A740F899E0B5F11F876FA1D534CBD80C914F17B0230C3AAB039041E411518BA538464E5D57E86980C452AD68C3ECBFC2FB9D0FF00FA555B8E5855BC7C8A3DAAB5C7DE15CBD0F40E53C1ADE5B5DA0E36EA128FF00C7ABD26BCDBC2EA5750D4C6718D4A4FE62BD2715861BF868DEAFC6C5A2928AEA332D48D5997DF321FA7F855F73F3573FE2ED693C3BE1CD53549177AD9DB4B3EDCFDE2AA481F89005115CCEC8CEA49462E4F64799FC5CFDA7FC27F046DE78AFBCED47538A22E6D2D7184E87E76278E187032791C57E747C40FDA33C67F1B24D363F145F1BDB38A103ECF0C6238D59F3972ABC672319F614DF89FAC5DF896EF53FED098CF7776F24BBD8FDE66C923F3FE55C3687682CC5CCD212B0F95243F98561FF00A1D7DB61B030C3495B57DCFCBF1B9AD4C6D392968BA25DBCFBB391F88177ABEA1E2C8EE2E8EED3EDA20B691A1CA88C2E4E7FDA2064FE1D8527897C40D7DE11B0D37ED1214B7917CA8B3F295209C9FA71F9D747A8A9D496F0328DAF190ABFDDC0C0AE56CF4337770D18F98440AA13EC3A7E74EBE154A4BAEB7270B8E70834F4B2B3F35A3FCD1CBDBD9CA96D37CC76336557D3FCFF004AEC741F1A7897C236379A7693AEEA3A669F7E23FB45BDA5CBC692843B81201E483D0FB9AA6B62AB19651950E403EB8C014EBA8C4718723858C20FC6B1F6492D4D5E25CA5A1F65FEC67FB686BCBE2CD3FC11E3FD465D52C354956DF4FD4AEDF74D6B31E123773CBA31C2E4E4824738E9FA0F723E615F847334967711DC46EC9346E1D19090C841C83C7422BF647C1BAD78C3C65E07F0F6BAB77628BA969F6F79FEACE47991AB73CFBD7CE6650541A9C63BF63EC726AF2C44654E72DB6B9D1F8717FE269AC8F4D45FF929AEB3C5D35CC5A14CB68F2453CC5614921C6F8CB9DA18678E339FC2BCCAD7C3DE2FB6BEB8962D56DA36B89BCE71E5646E381FD2BA4F11F837C55E2AD1E5D36F35CB486DE6DBBCDB40C8FC10786CFB578342A4A31B723FC3FCCFA8AB4E326ED35AFAFF009195E12F8AD0EB9677890A4F731585D3D8ADD64B99F601F39206339241F7068AC9B1F86DE20F0BDB8D3B4DF110B5B4849D91C56A9B4679F4F7A2B8EA62A7CEECAC671A365AD45F8FF91EDEED5E65FB405D3DBFC27F10321C318957AF51E62E47E22BD29ABC73F69C9EDADFE15EA325CEE28245DA149E4E7A7F3AFA5C22BD782F34791994B970755AFE57F91F961E3ED4E58B509665CE55B7846E7041EC6A9D8EAA751B296353CC974CE0FB638FD00A9FC71682469F72EC958164DBC03EA3EB5CEF81EE2392C40DD99219DA36CFA151B4FE55F7A9B55ADD19F94B5196179D2D51BCCCB696F2C87A046EBED585A2CBF67D264B83F7C44CFF00891FE356FC457DFF0012F961538FDD3B1FC38FEB59F1B04D0E2881F9A568E3C7A6483FC853A925CD6EC8C68C1BA777D5A1D25BFD96C618CF551B8FD6A96A56EF79750DA42DB7CB55924FCBA7D7A7E75ABA81125E08F3C6467F99AC9D2D96F85FDCF20C9310A41E8A3815CD249BE53A69B693A8FF00ABFF004CAD7C9148A0C6CC36F0CA7AAD7EC77ECDF7A352FD9F7C01308A4876E8F045B65183F2284CF5E876E47B115F8D57FBA3B8DFD49E0FB8AFD43FD9EFF684F0D683F007C156FAADEC56D716B62B6CE249147DC6655FD1457CFE67F02F53EC3237CB395DE96FD51F467FCBCAFD6B71F548D66119233D0F35CD693A95BEB56B677F6922CD6D731ACB1C8872195864106B1B54F1D783B45D59C5EDECC2F646276F952B0CAF071818ED5F36A3397C07D94A7187C4CD8D4F50BD3A84FE55ABBA6EE08427B514CD17C6D63E20B2FB6E9B73BED59CA8678994E4707820515E74B012949B6D87B58F73B490D7837ED67332FC388901F95EFD1587A8DAF4515F4981FF007987A9E5E6DFEE357D0FCCFF001F2849A603A03C5798F872F24B6D5B51542369F2CE3DC92334515F6B57F8B0FEBA1F99E1B5C354BF97E68BFAC4CEC25C9FF960DFFA10A91E465B7D397B798A7FF1DA28ACA5F132E2BDC8FCFF00212FAE1D63BF901F9C1DA0FD4E29BE0F6FF8A7D5BBB3313FF7D51454C7F8ABD1FE612FF777EABF22A6AC36DC003A57D31E12F87FA678ABE14F872EEFA4BA2D0C40AC714BB10FEF587200E7A51457978C8A76BAEBFE67A986A93A74DB836B4E9F23F41FE10E9D0E93F0D7C29676E18430E9D0A26E3938DA3BD7A547A6DA9D85A08D980E199413CF5A28AF958EECFD1E9EB08DFB225FB05B2F0208C0FF0074514515A1AD91FFD9),
       ('CUST0040', '456 Elmwood Ln', 'Female', '555-3437', 'Eleanor Peterson', 'NID234012', 0, NULL, NULL),
       ('CUST0041', '789 Spruce Dr', 'Male', '555-5659', 'Leo Sanders', 'NID345123', 1, NULL, NULL);
INSERT INTO energy_manager.t_customer (id_customer_key, tx_address, tx_gender, tx_mobile, tx_name, tx_nid, is_state,
                                       id_area_key, bt_image)
VALUES ('CUST0042', '321 Oak Ln', 'Female', '555-7871', 'Aria Jenkins', 'NID456234', 0, NULL, NULL),
       ('CUST0043', '654 Redwood St', 'Male', '555-9093', 'Jack Russell', 'NID567345', 1, NULL, NULL),
       ('CUST0044', '987 Pine Ave', 'Female', '555-1013', 'Grace Bryant', 'NID678456', 0, NULL, NULL),
       ('CUST0045', '123 Maple Ln', 'Other', '555-1216', 'Drew Griffin', 'NID789567', 1, NULL, NULL),
       ('CUST0046', '456 Cedar St', 'Male', '555-3438', 'Mason Patterson', 'NID890678', 0, NULL, NULL),
       ('CUST0047', '789 Birchwood Ave', 'Female', '555-5660', 'Sofia Torres', 'NID901789', 1, NULL, NULL),
       ('CUST0048', '321 Elm Dr', 'Male', '555-7872', 'Sebastian Rivera', 'NID012890', 0, NULL, NULL),
       ('CUST0049', '654 Pinewood Ln', 'Female', '555-9094', 'Charlotte James', 'NID123901', 1, NULL, NULL),
       ('CUST005', '654 Cedar St, Central City, TX', 'Female', '11234567894', 'James Miller', '654987321', 1, 'AR-003',
        NULL),
       ('CUST0050', '987 Oakwood St', 'Male', '555-1014', 'Aiden Foster', 'NID234012', 0, NULL, NULL);
INSERT INTO energy_manager.t_customer (id_customer_key, tx_address, tx_gender, tx_mobile, tx_name, tx_nid, is_state,
                                       id_area_key, bt_image)
VALUES ('CUST0051', '123 Elmwood St', 'Male', '555-2020', 'Caleb Flores', 'NID345234', 1, NULL, NULL),
       ('CUST0052', '456 Maple Ln', 'Female', '555-4141', 'Chloe Bennett', 'NID456345', 0, NULL, NULL),
       ('CUST0053', '789 Oakwood Ave', 'Other', '555-6262', 'Morgan Griffin', 'NID567456', 1, NULL, NULL),
       ('CUST0054', '321 Cedar Dr', 'Male', '555-8383', 'Lucas Ward', 'NID678567', 0, NULL, NULL),
       ('CUST0055', '654 Pine St', 'Female', '555-0505', 'Ella Campbell', 'NID789678', 1, NULL, NULL),
       ('CUST0056', '987 Birch Ln', 'Male', '555-2626', 'Liam Scott', 'NID890789', 0, NULL, NULL),
       ('CUST0057', '123 Redwood Ave', 'Female', '555-4747', 'Zoey Green', 'NID901890', 1, NULL, NULL),
       ('CUST0058', '456 Oak Dr', 'Other', '555-6868', 'Charlie Powell', 'NID012901', 0, NULL, NULL),
       ('CUST0059', '789 Pinecrest St', 'Male', '555-8989', 'Owen Evans', 'NID123012', 1, NULL, NULL),
       ('CUST006', '987 Birch St, Keystone, FL', 'Male', '11234567895', 'Olivia Smith', '789123456', 1, 'AR-008', NULL);
INSERT INTO energy_manager.t_customer (id_customer_key, tx_address, tx_gender, tx_mobile, tx_name, tx_nid, is_state,
                                       id_area_key, bt_image)
VALUES ('CUST0060', '321 Spruce Ln', 'Female', '555-1111', 'Amelia Ward', 'NID234123', 0, NULL, NULL),
       ('CUST0061', '654 Cedarwood Ave', 'Male', '555-3232', 'Noah Morgan', 'NID345234', 1, NULL, NULL),
       ('CUST0062', '987 Oak Ln', 'Female', '555-5353', 'Ava Bennett', 'NID456345', 0, NULL, NULL),
       ('CUST0063', '123 Maple Dr', 'Other', '555-7474', 'Jordan Rogers', 'NID567456', 1, NULL, NULL),
       ('CUST0064', '456 Redwood St', 'Male', '555-9595', 'Ethan Jenkins', 'NID678567', 0, NULL, NULL),
       ('CUST0065', '789 Pine Ave', 'Female', '555-1212', 'Mia Price', 'NID789678', 1, NULL, NULL),
       ('CUST0066', '321 Cedar Ln', 'Male', '555-3434', 'Jack Rivera', 'NID890789', 0, NULL, NULL),
       ('CUST0067', '654 Elm St', 'Female', '555-5656', 'Isabella Scott', 'NID901890', 1, NULL, NULL),
       ('CUST0068', '987 Oakwood Dr', 'Other', '555-7878', 'Drew Evans', 'NID012901', 0, NULL, NULL),
       ('CUST0069', '123 Pinewood St', 'Male', '555-0101', 'William Turner', 'NID123012', 1, NULL, NULL);
INSERT INTO energy_manager.t_customer (id_customer_key, tx_address, tx_gender, tx_mobile, tx_name, tx_nid, is_state,
                                       id_area_key, bt_image)
VALUES ('CUST007', '321 Aspen St, Smallville, KS', 'Male', '11234567896', 'Daniel Lee', '123789456', 1, 'AR-011', NULL),
       ('CUST0070', '456 Spruce Ave', 'Female', '555-2323', 'Emily Morris', 'NID234123', 0, NULL, NULL),
       ('CUST0071', '789 Redwood Ln', 'Male', '555-4545', 'Mason Jenkins', 'NID345234', 1, NULL, NULL),
       ('CUST0072', '321 Maplewood St', 'Female', '555-6767', 'Sophia Ward', 'NID456345', 0, NULL, NULL),
       ('CUST0073', '654 Birch Dr', 'Male', '555-8989', 'James Flores', 'NID567456', 1, NULL, NULL),
       ('CUST0074', '987 Cedarwood Ave', 'Female', '555-0102', 'Charlotte Rivera', 'NID678567', 0, NULL, NULL),
       ('CUST0075', '123 Oak St', 'Other', '555-2324', 'Taylor Campbell', 'NID789678', 1, NULL, NULL),
       ('CUST0076', '456 Pinecrest Ln', 'Male', '555-4546', 'Benjamin Morgan', 'NID890789', 0, NULL, NULL),
       ('CUST0077', '789 Maple Ln', 'Female', '555-6768', 'Lily Evans', 'NID901890', 1, NULL, NULL),
       ('CUST0078', '321 Cedar St', 'Male', '555-8989', 'Logan Powell', 'NID012901', 0, NULL, NULL);
INSERT INTO energy_manager.t_customer (id_customer_key, tx_address, tx_gender, tx_mobile, tx_name, tx_nid, is_state,
                                       id_area_key, bt_image)
VALUES ('CUST0079', '654 Redwood Dr', 'Female', '555-0103', 'Madison Turner', 'NID123012', 1, NULL, NULL),
       ('CUST008', '654 Spruce St, Coast City, GA', 'Female', '11234567897', 'Sophia Clark', '456123789', 1, 'AR-003',
        NULL),
       ('CUST0080', '987 Elmwood Ln', 'Male', '555-2325', 'Alexander Hughes', 'NID234123', 0, NULL, NULL),
       ('CUST009', '	987 Willow St, Hub City, OH', 'Male', '11234567898', 'John Anderson', '789456123', 1, 'AR-010',
        NULL),
       ('CUST010', '123 Redwood St, Bldhaven, PA', 'Male', '11234567899', 'Grace Thompson', '159753486', 1, 'AR-007',
        NULL);
INSERT INTO energy_manager.t_designation (id_designation_key, tx_description)
VALUES ('Billing Officer', 'Manages customer accounts and ensures accurate billing for electricity consumption.'),
       ('Chief Electrical Inspector',
        'Senior role responsible for overseeing the safety, reliability, and compliance of electrical systems within the jurisdiction.'),
       ('Customer Service Representative',
        'Provides assistance to customers regarding their electricity service, billing inquiries, and complaints.'),
       ('Distribution Supervisor',
        'Oversees the distribution network, ensuring efficient and safe delivery of electricity to consumers.'),
       ('Electrical Engineer',
        'Designs, develops, and oversees the electrical systems and equipment used in power generation and distribution.'),
       ('Field Inspector',
        'Conducts inspections of electrical installations to ensure compliance with safety and regulatory standards.'),
       ('Line Worker', 'Handles the maintenance and repair of electrical power lines and infrastructure.'),
       ('Meter Reader', 'Responsible for recording electricity usage by reading meters at customer premises.'),
       ('Substation Operator',
        'Manages and monitors the operations of electrical substations to ensure reliable power distribution.'),
       ('Technical Assistant',
        'Provides support to engineers and other technical staff in maintaining electrical equipment and infrastructure.');
INSERT INTO energy_manager.t_employee (id_employee_key, tx_name, tx_nid, tx_gender, dt_birth_date, tx_mobile, is_state,
                                       tx_address, flt_salary, tx_description, id_designation_key, id_area_key,
                                       bt_image)
VALUES ('EMP001', 'John Doe', '123456789', 'Male', '1990-05-12', '+1234567890', 1, '123 Elm St, Springfield, IL', 75000,
        NULL, 'Billing Officer', 'AR-001',
        0xFFD8FFE000104A46494600010101004800480000FFED004250686F746F73686F7020332E30003842494D04040000000000251C026E00196F626F6C6F6E333231323939363634392F5665637465657A791C02000002000400FFE10E32687474703A2F2F6E732E61646F62652E636F6D2F7861702F312E302F003C3F787061636B657420626567696E3D27EFBBBF272069643D2757354D304D7043656869487A7265537A4E54637A6B633964273F3E0D0A3C783A786D706D65746120786D6C6E733A783D2261646F62653A6E733A6D6574612F2220783A786D70746B3D22496D6167653A3A45786966546F6F6C2031322E3537223E0D0A093C7264663A52444620786D6C6E733A7264663D22687474703A2F2F7777772E77332E6F72672F313939392F30322F32322D7264662D73796E7461782D6E7323223E0D0A09093C7264663A4465736372697074696F6E207264663A61626F75743D222220786D6C6E733A64633D22687474703A2F2F7075726C2E6F72672F64632F656C656D656E74732F312E312F223E0D0A0909093C64633A63726561746F723E0D0A090909093C7264663A5365713E0D0A09090909093C7264663A6C693E6F626F6C6F6E333231323939363634393C2F7264663A6C693E0D0A090909093C2F7264663A5365713E0D0A0909093C2F64633A63726561746F723E0D0A0909093C64633A7269676874733E0D0A090909093C7264663A416C743E0D0A09090909093C7264663A6C6920786D6C3A6C616E673D22782D64656661756C74223E6F626F6C6F6E333231323939363634392F5665637465657A793C2F7264663A6C693E0D0A090909093C2F7264663A416C743E0D0A0909093C2F64633A7269676874733E0D0A09093C2F7264663A4465736372697074696F6E3E0D0A09093C7264663A4465736372697074696F6E207264663A61626F75743D222220786D6C6E733A706C75733D22687474703A2F2F6E732E757365706C75732E6F72672F6C64662F786D702F312E302F223E0D0A0909093C706C75733A4C6963656E736F723E0D0A090909093C7264663A5365713E0D0A09090909093C7264663A6C69207264663A7061727365547970653D225265736F75726365223E0D0A0909090909093C706C75733A4C6963656E736F7255524C3E68747470733A2F2F7777772E7665637465657A792E636F6D2F2D2F34383734353835322D612D736D696C696E672D796F756E672D6D616E2D736974732D61742D6869732D6465736B2D696E2D612D6272696768742D6D6F6465726E2D6F66666963652D73706163653F75746D5F736F757263653D6970746325323675746D5F6D656469756D253344676F6F676C65696D6167657325323675746D5F63616D706169676E253344696D6167653C2F706C75733A4C6963656E736F7255524C3E0D0A09090909093C2F7264663A6C693E0D0A090909093C2F7264663A5365713E0D0A0909093C2F706C75733A4C6963656E736F723E0D0A09093C2F7264663A4465736372697074696F6E3E0D0A09093C7264663A4465736372697074696F6E207264663A61626F75743D222220786D6C6E733A786D705269676874733D22687474703A2F2F6E732E61646F62652E636F6D2F7861702F312E302F7269676874732F223E0D0A0909093C786D705269676874733A57656253746174656D656E743E68747470733A2F2F7777772E7665637465657A792E636F6D2F6C6963656E73696E673C2F786D705269676874733A57656253746174656D656E743E0D0A09093C2F7264663A4465736372697074696F6E3E0D0A093C2F7264663A5244463E0D0A3C2F783A786D706D6574613E0D0A202020202020202020202020202020202020202020202020202020202020202020202020202020202020202020202020202020202020202020202020202020202020202020202020202020202020202020202020202020202020202020202020202020200A202020202020202020202020202020202020202020202020202020202020202020202020202020202020202020202020202020202020202020202020202020202020202020202020202020202020202020202020202020202020202020202020202020200A202020202020202020202020202020202020202020202020202020202020202020202020202020202020202020202020202020202020202020202020202020202020202020202020202020202020202020202020202020202020202020202020202020200A202020202020202020202020202020202020202020202020202020202020202020202020202020202020202020202020202020202020202020202020202020202020202020202020202020202020202020202020202020202020202020202020202020200A202020202020202020202020202020202020202020202020202020202020202020202020202020202020202020202020202020202020202020202020202020202020202020202020202020202020202020202020202020202020202020202020202020200A202020202020202020202020202020202020202020202020202020202020202020202020202020202020202020202020202020202020202020202020202020202020202020202020202020202020202020202020202020202020202020202020202020200A202020202020202020202020202020202020202020202020202020202020202020202020202020202020202020202020202020202020202020202020202020202020202020202020202020202020202020202020202020202020202020202020202020200A202020202020202020202020202020202020202020202020202020202020202020202020202020202020202020202020202020202020202020202020202020202020202020202020202020202020202020202020202020202020202020202020202020200A202020202020202020202020202020202020202020202020202020202020202020202020202020202020202020202020202020202020202020202020202020202020202020202020202020202020202020202020202020202020202020202020202020200A202020202020202020202020202020202020202020202020202020202020202020202020202020202020202020202020202020202020202020202020202020202020202020202020202020202020202020202020202020202020202020202020202020200A202020202020202020202020202020202020202020202020202020202020202020202020202020202020202020202020202020202020202020202020202020202020202020202020202020202020202020202020202020202020202020202020202020200A202020202020202020202020202020202020202020202020202020202020202020202020202020202020202020202020202020202020202020202020202020202020202020202020202020202020202020202020202020202020202020202020202020200A202020202020202020202020202020202020202020202020202020202020202020202020202020202020202020202020202020202020202020202020202020202020202020202020202020202020202020202020202020202020202020202020202020200A202020202020202020202020202020202020202020202020202020202020202020202020202020202020202020202020202020202020202020202020202020202020202020202020202020202020202020202020202020202020202020202020202020200A202020202020202020202020202020202020202020202020202020202020202020202020202020202020202020202020202020202020202020202020202020202020202020202020202020202020202020202020202020202020202020202020202020200A202020202020202020202020202020202020202020202020202020202020202020202020202020202020202020202020202020202020202020202020202020202020202020202020202020202020202020202020202020202020202020202020202020200A202020202020202020202020202020202020202020202020202020202020202020202020202020202020202020202020202020202020202020202020202020202020202020202020202020202020202020202020202020202020202020202020202020200A202020202020202020202020202020202020202020202020202020202020202020202020202020202020202020202020202020202020202020202020202020202020202020202020202020202020202020202020202020202020202020202020202020200A202020202020202020202020202020202020202020202020202020202020202020202020202020202020202020202020202020202020202020202020202020202020202020202020202020202020202020202020202020202020202020202020202020200A202020202020202020202020202020202020202020202020202020202020202020202020202020202020202020202020202020202020202020202020202020202020202020202020202020202020202020202020202020202020202020202020202020200A202020202020202020202020202020202020202020202020202020202020202020202020202020202020202020202020202020202020202020202020202020202020202020202020202020202020202020202020202020202020202020202020202020200A202020202020202020202020202020202020202020202020202020202020202020202020202020202020202020202020202020202020202020202020202020202020202020202020202020202020202020202020202020202020202020202020202020200A202020202020202020202020202020202020202020202020202020202020202020202020202020202020202020202020202020202020202020202020202020202020202020202020202020202020202020202020202020202020202020202020202020200A202020202020202020202020202020202020202020202020202020202020202020202020202020202020202020202020202020202020203C3F787061636B657420656E643D2777273F3EFFDB0043000302020302020303030304030304050805050404050A070706080C0A0C0C0B0A0B0B0D0E12100D0E110E0B0B1016101113141515150C0F171816141812141514FFDB00430103040405040509050509140D0B0D1414141414141414141414141414141414141414141414141414141414141414141414141414141414141414141414141414FFC00011080064006403012200021101031101FFC4001F0000010501010101010100000000000000000102030405060708090A0BFFC400B5100002010303020403050504040000017D01020300041105122131410613516107227114328191A1082342B1C11552D1F02433627282090A161718191A25262728292A3435363738393A434445464748494A535455565758595A636465666768696A737475767778797A838485868788898A92939495969798999AA2A3A4A5A6A7A8A9AAB2B3B4B5B6B7B8B9BAC2C3C4C5C6C7C8C9CAD2D3D4D5D6D7D8D9DAE1E2E3E4E5E6E7E8E9EAF1F2F3F4F5F6F7F8F9FAFFC4001F0100030101010101010101010000000000000102030405060708090A0BFFC400B51100020102040403040705040400010277000102031104052131061241510761711322328108144291A1B1C109233352F0156272D10A162434E125F11718191A262728292A35363738393A434445464748494A535455565758595A636465666768696A737475767778797A82838485868788898A92939495969798999AA2A3A4A5A6A7A8A9AAB2B3B4B5B6B7B8B9BAC2C3C4C5C6C7C8C9CAD2D3D4D5D6D7D8D9DAE2E3E4E5E6E7E8E9EAF2F3F4F5F6F7F8F9FAFFDA000C03010002110311003F00F8DE7F86B733EA973282C0348CDF99AD2F07E92FA6F8BB4D81FAADCC7FFA10AF5AD3E78B53B5B7BD8A3291DC44B2AAB632030C8CFE75C7AC217C7FA7E0607DA63FFD0857CBE3B0EA950E7EBA1EEE0B132AD51C7A6A7D89E2ED377E876071FF002CD6B8D8AC4F9D8C1EBEB5EA9E22B3DFA0D81C67F76B5C943A4B34D9DA7F2AF4701FEED13C6C5FF199B9E1DB1FF478F8AE8B52D4AD7C37A1DDEA578765BDB44D23F201381D064E327A0A8345B4D912822BCDBF6ACD5AEF4DF8776F63600C97D7D3ED48173993031B463A9DCCBC577FC31B98423CD25139ED53F6DE3E0BD541B3D374F36CBF32DBDD6F79E4F662A42AF7E39E9D6BEA8F81BFB56F837E2EB6916925B9D2F52D418A43C87B791B8C287E08639C6D23A8C64D7E4B6B5F0C7C6DE20045FC7E5A29C8F35B254FB60715BDF0D6E35DF83BAC5BFDB2E18D83DC2491CF18245ADC06051BFDD2720FD6BE771597E0F1F24A4FDE3D8FABD4A5072E4D11FB1DAEF86AD63F1F5A308970DD78AE9F52F0E58499468A33CF4C0AF37F87DF12ADBE2CDB683E21B2575F3632922B80312AFCAF8C1208CE7041E95EABA7DBBDD6AC431C851DEBE670D954278C8C2A4755F81E74EADA0EDD4D5D2FC35631E8C2DD6DA3085305768E6BF3FBF68CF0BC5E1BF1FEA56B0A848D8F9A1476C93FE15FA3D0C6228F8E98AF83BF6B883FE2E65C9C7DE813F99AFD1EBC52A697639A9AE59AF33A9F827E19B1BCF875A64B2408CEC09258515B9F00EDC49F0CF4DC8CE0B0FE5457C44F0756526D14EB24EC7E7F78336B783F427FEF594447FDF22B9B5656F1F5863A0B98FF00F4315EA1F06FC5DE15D2FE1A786ADF57B4926BB166A4B281823240FE55D9DBF8A3E1B4774B72347DF2A10C18C649C8AFBAC665B53194B96324830B8E861AA5E516FA1EEDAB5AEEF0EE9E71FF002C96B16D6D7E60715D7EA1716FACF8534ABEB44D96F716F1CA8B8C60100D600920B3C1958273DEB9B05074E8723E8D9788973D5E65D51A5A7DAED00E2B99D7B47B6D63E337840EA11892C349B2BAD476B1E0C9958D463BFDE27EAA2BA8B0D5EC599104EACCC7819AE6FE266A56BE18F1169FACDD24CF6F1693765E38065E4DB241B517DC96C7E35A55BA8DEC69865CD55267937C4092DEF3C41A93C300820790944DB8E335E33E2ED346ADA5EB1691C7B9DADD9A350324B0E463DF3FCABB6D5BE27CFE287D5F529B457D3DEDFEEC32CC8D95E83254903F1AE7FE10EAD73E22F889A6A6B5A7436765712796B24338976B760C074CE2BC4545D4AD149F53EC2559468BBF63EB0FD8F7541A67C37D2269F8DF7121258FF1148CB7D06EDDF862BEAEF0878821D4B5C9823021938C7A835F13FC17D45AD7E1D8B18306E2CF52B88DA38F92395EA3A8CF35EFBF06354BA5D703DC23A71821ABD3FABDB16AB1F9FD49B8B48FA757EEFE15F0E7ED6D6E0FC4A9875FF468CFFE855F64C5E2184CC919914337016BE35FDA62E5753F88977221C848D53F226BB7111E5A7A9BD39A94D58ECBE04EA42D3E1DD9C4549C3B7627D28AF57F80BE1DB7B5F855A162342648448C48EE7AD15AC692E5472B576DD8FC75F0E4FBBC1BE1A7CFFCB9153F84B20FE95B905D00A7E95CBF8464F33C0BA11FEEC5227FE4573FD6B49662B9E6BD9A7F0A39A5F133EFAF07EB16B27C27F09879807FECF8723FE035E5DF1C75CBCB5D3236D23334B91F28E2B92D0F5FBA8BC2BE1C884E444BA74585FCE9D75E3083ECB3177121453F7ABC58D3F66E4BBBFCCEC955E7B68713E0CF881E255F1D693637CBE4C72BE7EF678CD7D67F103C207C6163A7DB83216934CBA8CAC6C1491BA17EB8E3843CD7C4FE0DD6E6D73E2769D712B02AB332A607419AFB5BC7DE287F0B783A0BE85F64DE5C9123771BA1727FF41A31708AC3C5FAFE874E066D62B97D3F13E61D53E0EAF81FE14EB9A88787FE263A84300489CB6D1FBC639CFA903F2AE47C13E118F44F12596A16C9E4CEF3444BC6586EC15C646707A0FF0024D55D77E376A571E079F46B7B09F50B59AECDE8CC47064C05E4E7A05E29FF000F7E2209A3B669E278AE74F922668E418EA781FA57CEC9544EFD1D8FB752A5CB6ED7B1F637EC9FA0DB6A9E3EF882CF047E48D4976B63AE5A4F97F0FF00D9857D7B6FE11B5B7B8DD1C6B195E9B4015F317C23D4B4AF867E0AF0BDE25E2CF7DE25D46E2EEE0F00C6036D09EE06DCFD58D7D31278BA18D3ED1BC7945320E7AF15F534A2A9D3F79F57F8BB9F0D8A946B55E65B2497DC923CB356D7A68FE2C5B68A931031E6000F6AF1AF8DF6674AF185DF9EE4EFC3066F7AA9FF000B52DF50FDB061844A0C11D994639E0316C8FE4699FB586B4977E23F32D183058D431535CD292AEFD9DFAD8C395D15CE974B9F4AFC0DF1AD9FFC2B3D1E369901893CBC67D28AF83FC3BFB445DF82F4D1A59B5F3C23160DBF1C1EDD3DA8AD64B1117651472C65CC93573E63F019F33C07A51F479D3F2727FAD69FFCB4AC4F86B3093E1FD981FC17770BFA21FEB5B78FDE57A947E04153E267A2DD7883FB3FC2FA18DD83FD9EA073E8CC2BCAACFC732DD2DF446424EE61D6B7BC657C61F0DE8183D6CE45FCA4615E23A2DFB7F6A4EB9E1A435E7CFE26764229C533DD7E1440F3F8C3415419692723F5AFB83E3A786275F862DE52EFB8B78D6E6356EFB3961FF7CEE15F3BFEC9BE0587C43AB6977D20DEF0DC1DB9ED8C57DC5F1634696EA0D2ECED5374D232A28EDF53EC3AD6B28FB4C328FA9CFED1D3C4B92F23F3DEE2EB4EF06F865350B3B411DC6A92B40E56DD251B97E50549E84E07E55E61E2CD5ADFC33716B69147E5C9BE3B89011F3C8E4B1E71DC923F3AF4DFDA1DA7F837E22BDF06C816EF4EB7B94BCB4B954C801D43797ECCA588C75C007BD78BF80B4DBEF88DF1361D57518D96CEC996E0C6CB8FBBF7011F500E3D335E12C34D55509743EAE78D8CB0FCF1DD9F545E36B9FF000AE3C3579A7ECBBBEF0BF9BA86A36809F31EDE4C348F1FAEC72EC47A64F6AFACFC07FDADF113E155BEB316E8A3920DD18EE463835F33F8164BBB1B83AADAB94727CB5503219467208E841C91CFA57D83F027E29E9BACE893F879B484D35ADD3E55B760F185391CAF5519C0F4C91D2BDCC451F6B4943667C7C65253E6BE9FA9F9C7E3092FFE1E78EB59D6AEE464BA1397F349E405E9FCABA2F01FC48FF85ADA75FDEDDCDE6E72013ED5B1FB4C783CFC48F1D5EE81613ADB34A5BCC955776064F6C8F5A8BC0BE005F855F08F5DB03892504ED9580049F5AF9DAB86AD3C3CEA52DD3FC8F71D7A6A50A73EABF33C4FC6DA9083C413C6982AA00A2B064F3AFA479E6E647624E68AF4A351349C9EA3F66D68A2637C299B7782197FB97AE7F344FF000AEA90EE900AE37E0EC9E67846F94FF0DE8FFD02BB38576CC0FBD7B547E0478B557BECADF10A6DBE18D0BD7CBB85FCA535E1DA2CC7FB59B9FF009695F417893C1DABF8A3C276973A7402682C5AE7CEE79E5C1E062BE7BB784DBEAC7D37E6B92A45F3B6765295E363F48BF60554B8650FCED9C91F90AFB6BE20DD5BE8B1A5FB056B854F2A10D9C02FF2E78FAFF3AFCF7FD89BC4C346D4ADD18FCB24B81F538AFAFF00E317898EA4B616904804B25CA8F98F420E39FCC7E55E86123CD15E47958A7CB39773E3BF1AACDE20D4359B9D47F78F7723C8D2B1C7EF8316C63DD777E42B17C3BE0F8BC33A5911AA7DAAEDBCC959486C13C053EE3B8EC735F4A7C67F85D656FF000EACEEEDEE21B41F69B69EEA668C9CC8A77123009C3E0A63B6FCF4CD780F86F4AB87BB79E5959524624C47AE47F17D7D6A238350AEEA1D33C6F3E1D535A7F5A1EB3E02B48E0D26157F963440BB8F05893DBDFBFE357BC29E271E0FF1C5B5CA47E542D2B444AB0CC8A7AE46791D3F1C56BC7E1D30E976C815B6EC0D211C72473FA607D2BCB3C71222DECACDD570ABED8AD313354ECEDB1CD422E774FA943C7B25E7803E372EA1F659750D1F524F36D668CF25598F073DD58329FA67BD7B6EA1F06B52F10784AE753982C504D179862249C719E95C5D8DD5B78C3E17DB5E5D7EF6EB41B9CE7A911B1018F4FEF6D3F4CD7A56A9FB44E996DE0D4B089D0C9E4EDDB91E9538651C3A9457C32D7EF0C439569C24FE28E9F71F9C5E34B83E1CF135F69CDC98242BC7D78A2BBEF1658D8EB5E20BCBD9BCA324CFB8F028AF94960E5CCED2D0FB18E323CAAF1D4F14F81CFE7786F544CF2B751B63EA8C3FA57A769DE1DD47589847676B24C49EA0715C57EC75A7C5AE6ADAB58CEA1D19229006F50C467F235F6D0F8772DEE8B1FF00C23F7B1C092461848AA322BE8215634E2948F9BAA9B9B2AFECF7E01BCB0F0BF8AB4FD4E1462F6B24E9DF1903FC2BE15D4FE15F889B506961D29E446909528EA7BFD6BF4ABE13F87F51F0368B7F6FA85D49A8CF710C9179AE327E6FA579E4DF08B5011AADBA2390785D841AE9A74D56F238E559D177B1E77FB1AF876E17C62D1EA70C96C74B533B230EB26D26307F227F0AF71F1178A3EDDE3E87649BA052938C1E064A03FA83F9D49A6F83CFC2BF09DF4F70C835DBF905DCC50E422C6A4227E44E7FDEAF27D0756F33C63A6A48C424B23C0771FF00812FEA057A3469FB28A89C7527EDA6E47D0DF137559758F0E5BE870C4ED2C92A4B85C7DD5078FCC8AE17C51F0F6D7C372422CDA529280ABE61C9DC7EF7E5F2FE75D4E91712BF8FA589F0C90586E52791CBAF3FA56078F7579AEBC716D6D1BE5214F98678CFDE3FC8574CA2B7308C9DEC7A378E352B3F0EF866CA18C2FDA66843AA33745C7DE73D87B7E15F2BF8BAEA5BAB899C3332EEC6E231927A0FAFB57BD7C44D52D56D924914396C231C6DDDB060203825B1DF1DEBE77F1878A1FCE636B68B1C8A0EC925C058877654CE49F76FCABE7F1EEEB567B3835A9BBF0CF5B874BB8BFD16FA4DB1EA71B5BBFCC3E5DEBB73F5E4D792EB17CDA6EA17F673CF1C935A33248D19CAF071907D2B224D71EDE433991A491C92198F39F5AE1EFA79A7F12F8C434AE4790B3019E85E30FF00FB35793ED9CE928F63D454F966E5DCA5AB78FA3FB749B271B7EA28AF10B3692687733B673DCD15A7B3F32B98FA2BF663B35F0CFC47D5A0B367D8B68CC3CC3923E623FA57D5567AA5DF867C0911B3B890168118990E7923268A2B0C56D15E6630D66EFD883E14FC58F10DCF899ACE69E39A0542712293FD6BDB3C29E2AD4354F152C1348AB12C5238545C7214E28A2BE830FBC7D4F22B75394F8C9AA5C3C20B3E7741367F3535E08B2BFF006E69DB58A15B846057AE47FF00AA8A2BD2A9F123928FC0CFA3FC0B712CDABCD23CACD27910C7BCF5DB97FF000158BA444353F88C5272584D2C28DCF6695734515D33D97A9CD0F899D07C6EB586C6075863DBB063393938E809CF4F6E95F2AF8EAF9E1D3E011A221B97612301CE076068A2BE6B31DD9EE60B63CAAF2676D42752C76C48A557FC6A815C6B7AFC9925A6D2E166FA8565FE4A28A2BC58FC2CF67AA30BE11F8634AD5BC2AD3DED8C5732FDA1943480E40DABC7F3FCE8A28AF5E1F0A3CD9FC4CFFFD9),
       ('EMP002', 'Jane Smith', '987654321', 'Female', '1985-07-22', '1234567891', 1, '456 Oak St, Metropolis, NY',
        82000, NULL, 'Chief Electrical Inspector', 'AR-002',
        0xFFD8FFE000104A46494600010101012C012C0000FFDB0043000302020302020303030304030304050805050404050A070706080C0A0C0C0B0A0B0B0D0E12100D0E110E0B0B1016101113141515150C0F171816141812141514FFDB00430103040405040509050509140D0B0D1414141414141414141414141414141414141414141414141414141414141414141414141414141414141414141414141414FFC00011080064006403012200021101031101FFC4001F0000010501010101010100000000000000000102030405060708090A0BFFC400B5100002010303020403050504040000017D01020300041105122131410613516107227114328191A1082342B1C11552D1F02433627282090A161718191A25262728292A3435363738393A434445464748494A535455565758595A636465666768696A737475767778797A838485868788898A92939495969798999AA2A3A4A5A6A7A8A9AAB2B3B4B5B6B7B8B9BAC2C3C4C5C6C7C8C9CAD2D3D4D5D6D7D8D9DAE1E2E3E4E5E6E7E8E9EAF1F2F3F4F5F6F7F8F9FAFFC4001F0100030101010101010101010000000000000102030405060708090A0BFFC400B51100020102040403040705040400010277000102031104052131061241510761711322328108144291A1B1C109233352F0156272D10A162434E125F11718191A262728292A35363738393A434445464748494A535455565758595A636465666768696A737475767778797A82838485868788898A92939495969798999AA2A3A4A5A6A7A8A9AAB2B3B4B5B6B7B8B9BAC2C3C4C5C6C7C8C9CAD2D3D4D5D6D7D8D9DAE2E3E4E5E6E7E8E9EAF2F3F4F5F6F7F8F9FAFFDA000C03010002110311003F005F19D8FF00C4FA138AE961D3835AC3C7F0D54F185BEED76DC63BD7576F67FE8B0F1FC35F0F47ED7A9FA0D6DA1E845A1E9E1641C77AF45D0ECC0DBC5731A4DB6D71C5775A2A8F96BD1A5B9E6567A1E53FB4C78F25F0278463B7B16DBABEA45A2B661FF2CD40CBC9F80C7E2457E71AF847C47F11358B9B6D174FBBD5AE37169648D0BF2792598F1F9FAD7D6FFB486A92FC54FDA0349F03695701666961D31A653910063BA56FA804E7D76015F4CE91F0B744F863E1F8748D02CD60B7B74DA5F19791BBBB1EEC7B9AE9AF88580A3CD08DE52D4CB0F86FAF54E5A92B4627E65D8FECD7E2D8346D456FB4B920B8E1A356EA71DB8FAFE95E4B79A0DCF8635A3677F0C969383C07079FC4D7EB16B5A7CDB1997AFD2BC67E32FECF567F173C32648235B5D72DD4B43328FBC7B035E5E17389CAA5AAAD19EBE2B24A4A8DE83F791D4FEC17F1A9FC79E0FB8F08EAB7065D5B4345303C872D2DA9E00CF72878FA15AFABFC915F94DFB1CF882EBC13F1FF00458EE8B5ADD35C3E8F7B6E4E0E5FE45CFF00C0F6FE55FAA86FA36E03035EFD4B465A753E5E1CCD6A57BE8C7946BCDFC696BF698CC607DE35E837D7595AE3F5887ED52B28EBDABC9C43E6AD047A543DDA5366068FE1944B151B7BFA5157DF50FECBDB016C1033CD15EDAB58F11CA4DDCE27C4B668DAD42F21C2AD7496F247E4C633C015C57C4ABE96CF528447C6E3525BEB12476B0E5B92B5F1B15539A7CBDCFB797272439BB1E8165708AC00AEA2C6FA3B3B596E24388E242EC7D80C9AF30D0F5079E6196EF5D2F8CB568B43F871E22D46E2558E3B5D3E698B37B21207E2703F1AEBA71ACDEE7156749743E5DFD9863B8F885FB5FEB9AC456AB3AE9EF7DAA18F388D5CE5110B7A6E9473EE7D2BB9F8B5F19FC5FE0CF1E4B630FC45D1F52966937369F73A4F950C7CF447525B68F527F1AE7BFE0977E478A354F8B4EE7379B2C914B727CB669CB7E640CFD057A77C4EFD97F4CF1378AACD54DAD9C62460BE42185FE6FBC3E5214E7E99E6BB31D5E10ABC951696EC9F4F3232FA0EA52E683D7D5AEBE45EF899E36D4BC37F0FECB534B6B56D5AEA057F29A42210C47386EA4578DFC3DF8CDF10ADFC55691DEFF60DF5BC928F3347811966950F558DC9C07C7201E2BE87F8CBF0997C43E03B5D152778DACE352D367951D324F5FC7AD78EF827F6518A4F130D6EEA6B659E531C8B2D93BC64B2E0AB0085403C679CF3CD78B4254611939AF7BA6973DCAD1A9579791FBBD75B7E9A9F387C70B35F873FB5AEB575611BDBC525C5B6AD6C8CBB5889238E5231D8EF0C3D8E6BF457C3D737375656977CB4371124AADDB0C011FCEBE0AFDBFEC5743F8F5A049E6EFBA9742B72CC7A92B2C8149FAF4AFBD3E08F89A0F1F7C1BF0BEAE8FBE492C5125CFF00CF441B1FFF001E535ECD7F69530F4EA434B23E669F253AF5212D6ECD6BFBAD8A0935CEDE5EAAC81F777ABFE2490DAC66B88B8D41D988EA2BCA92AF294677D51E8D354B95C5AD192EB7786E6F8B8048DA0514B040668C31C734576FB5C57730F63855F64E4BE2643E6EA307D6A0874F924B78B03B568F8D009F56814FF7ABA6D37490F6F0FCBDAB0A0AF39FA9D559DA107E466786F4B7590123815C2FED95AC4DA37C0EBBB7F3BCA17B730C0C838263CE589FC80FC6BDE347D361B743248762AF24F15F9E7FB587C549FC75AE6AF61F6963670CFE45AC600D8B1A6E25873C9382738EF5EE616936EE78B89AD64CF45FF824F5CCD07C59F8848148824D2558FA164993F5C487F3AFB1B4AF105A78CFE235FDDA5E5BC63472C21B5691448CC09569361E76839507D735F9E7FB0FEBC9F0BFE3F596B9737DF67D32FAE9344BADD850C2E95BCACF3C6258D0F7E01AFD2A87E10C7A6EA9AA6B5A5EA571E1ED7CBCDE4EA56491B31864757689D64055D3700704718E315E6E614FDA629737C3FF0000F472BAD1861E497C5B7E279EF8FF00C6BAA49AE402D2F56D22642975F6A0804DC601E30319C9FC6B0BC0FE3CB7B7D062B18D5A39F4975B766EBE628E841EFC7F4ADCF1CF8ABC77AA40FA75D3E83731B81109BFB0C3B1184F98E66DB9F94740319E9C015E55A6E99A77C2FF000C6A11FDA4C85AE1A79EE66C0C9E5DDB0000AB9618000000AF13174A9C23FBB9DDB3EAE8736D3824BD6FFA23E42FDBA7C74FE32FDA43519D8E23B1B3B7B3555EC3679840FC6523F0AFABFF00E09CDF121B56F096B5E11BA71E7D9BADF439393B6400381EDB829FF819AFCFEF1C6A579E3EF135D6BD75E62417AF2DCDBEE8D54988CB2607BE3691939E9ED5EDBFB24F8F07C32F182EAB34C446D3224CC57E568384EC7A0DC4FE15F69EC1AC1469BDD2FC7A9F9C7B68CF1929C7E16FF03F4A3C6562CEA715E7D269EE1FA1EB5EC375E56B1A5C1751E192540C08E4608AE62E34950C7E5AF1DD3D99EBC6A68D1CFD9D9B2DBA8C515D34162AB1818A2B751D0C5D4D4F20F113F99E20847FB55E93A3421ADE2FA57936A17C26D7A263EB9AF54D026792385238DA46C0E1467D057061B59CFD4F4315FC387A191F17F52BCD17C03ADDCD8BF9734369248ADE842E457E5CF8CEE24975F54496391A371BE691465571C83EBD4E6BF4CFF68ABCD43C37F0B7C4171710ADB2C918855E5751C3900FCB9CF4CD7E5D5D69B77E32D5E6834B84AC06411B4D838C9EDEEC793815F4D858CB95A6B73E6F1528BB599CE6A2D77AA5E79D1CE0492481D0A617695CE0823A63FC2BF6D7E0C7C4B6F1C7C2BD00EB773FF13C934F85E49885C4EC63525C71D4F5FAFE15F9D7F097F611D77C73E1BF105DC7A9C56DAAAD8B47A74732623698EDDC19BB02859738E37E6BDFFE0BFC43BCF01F87ECBC23F10F46BCF0D6AB6302DB2FDBA12A92AA00A191FEEB8E3AA922B9339854A54E1251BF73BB26F6756A4E2E567A58F6AF185F5AE90A5A73B5F04953FE1F857C71FB4178A356F18D9DCF877C3C19EE2F58A4F320CAA460E5803E98EA7F0EF5F537FC2356DF1299869F71F68809C35C33131A0FCF9FA550D4FE18E9DE1FB392D34EB7F325600CD752005DCFA67B0F61C57999465D3C55455E51B4577EBE87B59B6630C2D27414AF36BA74F53F27E0B8BFD26FE7B1BE0C925A830F9320FF00564313800F4E598F1EB9AECBC3576F6B62E19B6C735AED6D8318C9CF6F63FA57D49F14BF64987C7BAA25F5A6A1FD957B18D8F3F95E62C83B02323A7AE6BC4755FD9A7E23F84F5216D67A25C7892DB76D136931B4BF2E3046C2036781D88F7AFB3AB45D9A48F83A7349A67DD9FB0FFC58BCF1FF00C2D8B45D5B0F7DA496B68E7C92658D081F367F88657EA08F4AF79BCB7C374AF903F609D0752F0FEB3776DA9E9F71A56A2F05DCF796B7713452C6FE65BA2028D82325263C8E78F4AFB32F141E6BE72AC573347BD0968999B1C3F2D156154628A919F2CC3701AFA27639E86BE99F0FE87FF08EF80E0BB99717D772DBCD229EB145BC32AFB1E84FD40ED5E0FF000B7C29FF000977C42D234F64DD6A8DF69BAC8E3CA4C120FF00BC76AFFC0ABE95F10DE2B6A67CCF9ACEF13F059108247E4A0D699261D49CAB4BBE819C621C630A31EDA9F9EFFB747C63D43546B7F0FC333259999E79557832334B22C63E8154FE75CF7C01B7B3D43C0306A29A75BCD35BC42C6DAD980C2CAED99EE1B8FBE420519E831DEB0BF6C6D3CE9FAB689A949B489A193087BB2C8FB7FF004315ED1FB287C1DBED17E0CE926F2261ABF881CDF05607315BB7FAACFBB0CBFD1C7A57D4C23FBD68F9D9492823DE3F671D78C56725A5C610EF2D6D9E8C80AAB004FB85033C9C57D11368F06B16AD1DDDB45716AC9968E6457561D4820FF5AF11B8F0445A1F837C432DAA00D6F622C2D188FF0096982C5FFEFA20FE15ECFA5DD49A7E90935C49FB858CB19646E028279627FD9EF5D52B1C9AF43C73C03E23B1F126BDE23B8D1E18ECF468A48EDECEDE28444888AA0E4A8E85B706C60603004020D745636706B9A9358C4AED16C6965B8C7CA71B0ED07AE487073D38AC3F867E198A2F09C2B67BBCCD5266916E1BEF6D2C4C92FD7AE3DD6BD374FD361D27499678E358F716540A3A02471F80551F850E4A2AC8766DDD9CE1F0AD8B4C8B1DBA055E00C5749A5E8F058A82B1AAFD052E9F0E17CC6EA781524DA822CC89B80532633ECABB98FF0021F8D61BE85B65A9A4B6690249046CF8C6FC7207A66B1B5AB36B2907F142E328DEBEDF51515D5F7EEC4CC76B4CC4A0EF8AB525D7F6868AE09CB44438FE47F9FE95E66328A71725BA3BF0B59C649746642B71455769954E09C515E21ED1CDFECFDA2AE99A3EADAF48A04D7320B5849EA234F9988F62C47FDF15D1EAB279DAD496A65288B1C97D08FF009E8A636465FC1994FF00C06A2F0BEDD1FE1DE8F6CBC18ED52690770CE58BFE4CDFA556B595356D43439776250F71684FA8685D803F8A0FCEBE9F054550A0A0BB7FC13C0C5D5F6D5A5267CC3E21F81A9F1EBF680D2B4ED4E2913C1DE11D352F35220616E67795996007FDA5DB9EE006AFAC743D1D2177BA58955DBE48915400AA38000EC00AD2FB1C3A4E8F1DBC11AC6F3B069580C127A7351B6A89611E508DCA309EDEF5D0B776399B7648A9E34855749B5D1E13969245F331DC9604D68FC40826BFF86F7FA55B379536A10AE9C8FF00DCF398445FE8A1CB1F615850DC43717E8D24FE74C4E4AAFF000D7502E16696085B9923479C7D31B07E2779FC8D5F423A92787F49B7D2EC87909B21B7856DEDD7FBA80003F1C0ABDAC288F4DB283FBDF39A4B760B0C70E7BD43ADDD2C9A82A03958D40AC99656B9B85B1B6690F01178FAD720BA87DB3C5CBA6B3EDFB369EB34EC0F03CD90B367D30231F9D6B6B3782E2E21B707E4CEE7FA0AF1AF08F8A2EFC4DF103E211B7FF8F237D0D8452773B214DE3FE03FFB52B582BB3391EA325F9D52E26BCC6DB68C7970AF6DA3FC6B47C3F782491E063812294FCEB0EF996DDA1D3E2E90A86931EA7A0A76973F9370581E54F359558A69A35A6ECCC7F106B2D67A818B38214647E745727F1335216BE2EBA4CE32AAFF00F7D0DDFD68AF9097BADA3EAA3EF24CEFB43BA7B9B0B147C149ADE4575038C798F5CEF81EEA5B8D66C21772513535C7AF0B27F851457DD43A9F2323D27C493329651C05E4570D797B348CC0BF19C51456312CE8743B38A1B54751976E4B1E4D6AF87AE1EEB51F103BE0B473C76CB8FEE2C4AE07E723FE74514126B2CADE616CF2BC8AE7EEAF656998EEE49E68A2A4A395F106A13C367772A361C8DBBBDABCD7F66C90DC58EA37127CD2CDABEA12BB7AB7DA5D73F92A8FC28A2B6A7D4CE67A7697235C432DCC8774B23B331FC6A1D266768EEE4272C4FF00265A28ACAAECCD29EE795FC5EBA917C65261BFE5DE2FFD068A28AF8DABFC497A9F594BF871F43FFFD9),
       ('EMP003', 'Bob Williams', '321654987', 'Male', '1988-03-15', '1234567893', 1, '321 Maple St, Star City, CA',
        92000, NULL, 'Distribution Supervisor', 'AR-001',
        0xFFD8FFE000104A46494600010101012C012C0000FFE100784578696600004D4D002A000000080003010E00020000002E00000032011A00050000000100000060011B00050000000100000068000000004B6E6F7720796F757220707572706F736520616E64207761746368207468652070726F66697420726F6C6C20696E0000012C000000010000012C00000001FFE105AE687474703A2F2F6E732E61646F62652E636F6D2F7861702F312E302F003C3F787061636B657420626567696E3D22EFBBBF222069643D2257354D304D7043656869487A7265537A4E54637A6B633964223F3E0D0A3C783A786D706D65746120786D6C6E733A783D2261646F62653A6E733A6D6574612F223E0D0A093C7264663A52444620786D6C6E733A7264663D22687474703A2F2F7777772E77332E6F72672F313939392F30322F32322D7264662D73796E7461782D6E7323223E0D0A09093C7264663A4465736372697074696F6E207264663A61626F75743D222220786D6C6E733A70686F746F73686F703D22687474703A2F2F6E732E61646F62652E636F6D2F70686F746F73686F702F312E302F2220786D6C6E733A4970746334786D70436F72653D22687474703A2F2F697074632E6F72672F7374642F4970746334786D70436F72652F312E302F786D6C6E732F2220786D6C6E733A4765747479496D61676573474946543D22687474703A2F2F786D702E6765747479696D616765732E636F6D2F676966742F312E302F2220786D6C6E733A64633D22687474703A2F2F7075726C2E6F72672F64632F656C656D656E74732F312E312F2220786D6C6E733A706C75733D22687474703A2F2F6E732E757365706C75732E6F72672F6C64662F786D702F312E302F2220786D6C6E733A697074634578743D22687474703A2F2F697074632E6F72672F7374642F4970746334786D704578742F323030382D30322D32392F2220786D6C6E733A786D705269676874733D22687474703A2F2F6E732E61646F62652E636F6D2F7861702F312E302F7269676874732F222070686F746F73686F703A4372656469743D22476574747920496D6167657322204765747479496D61676573474946543A417373657449443D22313331343939373438332220786D705269676874733A57656253746174656D656E743D2268747470733A2F2F7777772E6973746F636B70686F746F2E636F6D2F6C6567616C2F6C6963656E73652D61677265656D656E743F75746D5F6D656469756D3D6F7267616E696326616D703B75746D5F736F757263653D676F6F676C6526616D703B75746D5F63616D706169676E3D6970746375726C2220706C75733A446174614D696E696E673D22687474703A2F2F6E732E757365706C75732E6F72672F6C64662F766F6361622F444D492D50524F484942495445442D455843455054534541524348454E47494E45494E444558494E47223E0D0A0909093C64633A63726561746F723E3C7264663A5365713E3C7264663A6C693E436563696C69655F4172637572733C2F7264663A6C693E3C2F7264663A5365713E3C2F64633A63726561746F723E3C64633A6465736372697074696F6E3E3C7264663A416C743E3C7264663A6C6920786D6C3A6C616E673D22782D64656661756C74223E4B6E6F7720796F757220707572706F736520616E64207761746368207468652070726F66697420726F6C6C20696E3C2F7264663A6C693E3C2F7264663A416C743E3C2F64633A6465736372697074696F6E3E0D0A0909093C706C75733A4C6963656E736F723E3C7264663A5365713E3C7264663A6C69207264663A7061727365547970653D225265736F75726365223E3C706C75733A4C6963656E736F7255524C3E68747470733A2F2F7777772E6973746F636B70686F746F2E636F6D2F70686F746F2F6C6963656E73652D676D313331343939373438332D3F75746D5F6D656469756D3D6F7267616E696326616D703B75746D5F736F757263653D676F6F676C6526616D703B75746D5F63616D706169676E3D6970746375726C3C2F706C75733A4C6963656E736F7255524C3E3C2F7264663A6C693E3C2F7264663A5365713E3C2F706C75733A4C6963656E736F723E0D0A09093C2F7264663A4465736372697074696F6E3E0D0A093C2F7264663A5244463E0D0A3C2F783A786D706D6574613E0D0A3C3F787061636B657420656E643D2777273F3EFFED007450686F746F73686F7020332E30003842494D04040000000000571C0250000E436563696C69655F4172637572731C0278002E4B6E6F7720796F757220707572706F736520616E64207761746368207468652070726F66697420726F6C6C20696E1C026E000C476574747920496D6167657300FFDB0043000302020302020303030304030304050805050404050A070706080C0A0C0C0B0A0B0B0D0E12100D0E110E0B0B1016101113141515150C0F171816141812141514FFDB00430103040405040509050509140D0B0D1414141414141414141414141414141414141414141414141414141414141414141414141414141414141414141414141414FFC00011080064006403012200021101031101FFC4001F0000010501010101010100000000000000000102030405060708090A0BFFC400B5100002010303020403050504040000017D01020300041105122131410613516107227114328191A1082342B1C11552D1F02433627282090A161718191A25262728292A3435363738393A434445464748494A535455565758595A636465666768696A737475767778797A838485868788898A92939495969798999AA2A3A4A5A6A7A8A9AAB2B3B4B5B6B7B8B9BAC2C3C4C5C6C7C8C9CAD2D3D4D5D6D7D8D9DAE1E2E3E4E5E6E7E8E9EAF1F2F3F4F5F6F7F8F9FAFFC4001F0100030101010101010101010000000000000102030405060708090A0BFFC400B51100020102040403040705040400010277000102031104052131061241510761711322328108144291A1B1C109233352F0156272D10A162434E125F11718191A262728292A35363738393A434445464748494A535455565758595A636465666768696A737475767778797A82838485868788898A92939495969798999AA2A3A4A5A6A7A8A9AAB2B3B4B5B6B7B8B9BAC2C3C4C5C6C7C8C9CAD2D3D4D5D6D7D8D9DAE2E3E4E5E6E7E8E9EAF2F3F4F5F6F7F8F9FAFFDA000C03010002110311003F00F8FBC529E5E9912018E4D753FB3B4224F12DCA9E78AC2F155B1FB0C5F8D741FB3BB04F164EBED5DF2D8F162EF48FA7AD34E7E00E86BA3D32C442BD324F5AA763F32AE6B6ED71815CE4C5122DB8F307156EF6E6D748D366BCBD992DED615DCF239C002A38D86E15E43F1CBC4736A5AC5B6830B95B4B5559A700FDF90F407D80E7EA7DAB2A951538F333BF0B42588AAA9C7A9D2DB7C56876BCF6FA44D3D931C095DC2337B85C1FD4D7A4F83F54B0F156922F2C1C95CED9236E1E36F4615E69A1DBD85DF87ED92343858C06DDD8E2ABF8175293C17E2F8D8291617B20B798678C9E01FC0FF5AF328E35CA7CB2EA7D262329846939D3DD7E27B1DE5AED8CF1CD55FB3AB448C07CD5B77D673346C0466B36D74EBC49E37F2C95470C57E86BD696C7CC4423B53149B24428DE8C306B574CB756B84C8AD3F135A9D424B492DF0EDB4EE23AF6C03FAD47A5E8D72B3296E2B82B475B1E8D13D2744D2636D3E33B41A2AC68FBE1B145279A2A12563D0E63F25B54F0EDC6B82D6D2D9374921C0AF44F833F02B57D135C96EEE03283D062B7FE19F862E1BC57A7CD2D9C8625049664381C8AFA8F4DB78D57E5451CF615ED4D9F25865CF4F538FD33C073ED5DC4D74D63E013C6735D659A8C0E2BA486145B44207CDC560D9DAA9A38AB5F87D1F98A4AD7C87F19E25D07E2F6A6D771CB2DAFDA00F2A0FBC4001140FCB35F7DC4BB5738ED9AF817C45E67C6CF194B36A67FB3DAE7CD46689FCB09B1D803F88C7E75C18A9250F78F6F2CA52F6BCD0FEBFAB1D27853E2644D7874A7D3A4B1418F2D276562C3BB6453EEF5CB3D7269D60B4B9896397CB3395FDD97C64608E954BE0FFC32B087C54D22DE4575F65B796D018C9F2C3E060027EF37CDD6AE782FE1849E1DD4B5530DF5C386918CD1BB96078240643D3AE41AF117B3536D33EAE4AA722EFD4FB323D26192D63764E59031FC466991E9B0A1384156740D446B1E19D2EFD94466EAD6298A67EEEE4071FAD3BCD8D58E580AFA64EEAE7C138F2BB328FD95118E100A91711E0818A6B5F5BB48CA2452475A81B51B70D8320FCEA248D6323563D48A2E334562C97F6E1B8714573F29D1CE7629F0934CB3D1E730DAA2BAA1C155AF08F877793F8E352D62CACB05B4DB87B790FF00B4A70457D2FA8FC46D1ECF469E492F2155F2D9865873C57C63FB1BFC5CD12C7C49F11DEEEE23845CEB571751B48D8CA331C57A69369B3C79B8C2CA3B1ECD75A2EB9A69FF008F7DE07A0A853C417F66B8B8B49001E95EB9A7F8AF48F1246AF6D224C8DD0A906ACC9E1DB2BCC831AF3ED51EA176FE1679047E3E862E24474EDC8AF823E3EEA373E00F126AB25806D9B9E48782061D8E0FEA3F1AFD40BCF86F6172A7F74BF957C11FF0518F08BF827FB03525881B3BE865B41C6407460E01FA863F91AE7AD4A352DA1E860B11528C9A6EC9AFC7A1E25F0B6C3E21F8DAF6DF50F0BA5DA496A0C3B6046D8D21EEDFED723F4AF4FF000E7C4CD774EF8A10F863584035B8EDDAD6FF000C492554152E3FBD823F3ACEF81FF17BC53E0CD12D24D02CC5CD9DEA8DDE44A23756181827F0AAFA96B56B79FB4E69B2A5AE6F65809BAF2D8B9F318FCCCC7BE003CFB579FC8AA49C794FA3954F634D54E6D0FB7ADF5E6D3F4BB7B3863223B68962503D15401FCAA86B9E2E960D23CC54CBFEB5A3E0F5B5BED3DE59195B3CF352DDF87ACF50562A46DF415ED2B4743E1A53949DEE7817877E23EB1A8F8C357B63BBCB84642D5CD4BE264F660F9EE5245EA29FE1C8F4CD1FE2BEBD04ACA37283CD52F89DE1EB0BED510C2C1158649CD1288E151DAED94E4F8CCD1B603B904668ACD3E0BB0554CCAA7E514567ECD9B7B6465FC54B8BCFB3F86E15BB9955A170DF39E7E4EF5F3D781747B9BEBAD70412BC66391C9DA719E4D7D05F19AE05A5BF875C0C9F29FF00F41AF22F8193192EFC44C503AB173CF6E4D7547E139A7B3B1F75FEC9F0BCDE13B15958B3A800E4D7D3525A18E367031815F287ECAFAF795671C4DC0DE457D45AC788A2B1D3DD8F3F29C01594BE22B0ED726A739AAF8D134B81DE46C053CD7CA3FF00051081BC65F07742B98104B1DB5E19653DD032ED56FA6703F1AF7DB8B15D621325FC6C119B7083B9EFCD70FF001274DB7F12D9CBA6DC5BC6F61245E4BA30F9406C8E9DFF00FAE2B3935B2DCECA319F3734B63F26749D735FD1643058BDC467A058F38AFB17F618F839AA78AFC51AF78BFC4319F2FEC4F6913CA72C65917FA2FF00315E729E03B5F0BFC6A83C270EA36B2C577388E3B96E5A16393E59C8C17EC39FD78AFBE7498EDBE18FC2AFB3E9D10B57585CC20F2C642092C4F73D493ED4A3CCDEB1B1D951C141454AFE5D84B6F0E4FA3D9BC04795818041C8357B44CDBDBB248F963EF5B967791DE69CBE762589F2993D4BE7047B5707E30D2B57F0FBB6ABA686BED290E265072F0F3C9F75F7ED5A2B3D19E554A6E0AEB547CAFF0017B5AB8D07E326A2F0C9B37A2E79F7AABE38F88D2DC68EB242C4CAAB83B7B572BF1CB553AB7C479AE11BAA63E53EF5A5E08F0F45ABE85786739C73CD763494536714757A1CC47F1135B9A356FDE74C77A2BA392FF43D39BECE594B47C1FAD154AC5EBD8EB7E3A4F8FF00847A327FE58BFF00E822BCEFF67BDADFF0916464E5FF009D761F1FAE80BFF0FA83FF002C1BF90ACAFD9774F8EEBFB5CBFF0014AC0FE75CBFF2ECDD9F40FC01BE7D3F92194799D2BE90BEF102CD04419C228E4B1E6BC3B40D1A2D36E208E0C0DCD93EDEB5E996B6AF22C6EEC245C7DEC8E0F4AC652E6D8D30B4DC5B6CD0FED3FED0F92DCB2A672D26324D723F1326BED2FC377975A45B7DB2F511B64208058EDC0EBE8706BAE73F656DA8A0291B8103A562F88187D85C901811C8FC2B23D13F343C0FE0CF166A1E24934AF277EB7A84CF146F74CC0DB5C656432E7D475FAD7DEC3C45A9F8C164B2BE8440965A632161FF002D2426246931DB2DE6607A7D6BE6DF08DC0BCFDA52EF5B79BCBB2B1D760B28A2E81E47023738F627FCE2BEBCD3F410B2F895CAAE311C2808E9CB31FE62BAA52D11CCA3AB34F429D9A1D42C5CE1A3920BA8C7A07218FEA6BA2F0CDCE2CEF8901A32D9D8DC8DA001C8F7AE63CC3A4F8C2D51C6D86F6CBC90738F994640FD2B5FC29750C76370AC72E3702BFEC86233F9D60F536F53E35FDA7BE0DB784BE2C5B5DE9B138D13588DA6854F221954FEF2307D39523FDEC76A3C05A42D868FA9B4CD8CA1017D2BEADF8B1A3C3E2CF87974A6313DD58937D131E4A95CEE19FF0070B7E95F204D7D710C73C6A76A10738EF5D5ED2F0516795529F2D4BAD8F26BFF000BCD757D7136E277C85BAD1516A7E2516B79244F36D653D01A2AF9C7CACEFF00E3E4E4EB9A1283D2DCFF0021577F657F95353C9C66563FAD703F1BB5C91BC45A606390B07F4AE8FF0066ED4CC705E9538CBE7F5ACA5F0D81CBDDE63EAABABCFB2D9C926EDBC05CFD4807F4CD7A2E897066B32E9F7246DE093F87F4AF0DD635269344947576650BF5C31FE78AED7E107C44B4F115BEA1A5BB84BBB19012AC7EF23720F3EE0FE55CD63BE8BBC6E7A6C7A92DD281B5836DC1279ACBF134C61D3F7EEC2F0307EA2A1B5B81F6A7C1EE38C8F5AC8F891A91B7F0AEA32C6A7742AD20033FC3CD23A0F8BBC33236B5F15AF648A5F2EC74CD59F539A42D80F399CB28FC3FC477AFD03B3904967AB3B1C07BADBCFB015F9A9E09497FB62CB44825C4925C2DFDFCA3920060C17DF271FF008ED7E8E693A947FD8218BA86965790823B1623FA5744FA1843763BC756F2CBA3C1776C87ED566CB345B7BE39C56358F88A0B8BEB3BCB66CC5776F33BA11F708F2F2A7F16FD6BA54D52DEE2DD11A40E360CAF5F51D2BCDFC5B79A6F8474D6D46C1F7A99A58618D8E3748E9BB628FF0069A3E054456A54B63D2BC37750EA5A64CBC34371BD06DE8571B73F957E78EB5F14ADF4FD7352D3665459ED6592DE41E8CAC54FEA2BEF1F08B8B0B3B3B40C36D9C2B1B15E8CF800FF005AFCAEF8E962BA5FC78F1F423E5FF89BDD381FEF485BFAD6B148E79C79B7382F1678A2E2FF005EBA9A294AA33700515971DAA3972C79DDEB4559AAB23DDFE34DC3FF00C24765CFFCB203F4AEB7F6799596DEE71EBFD68A2A25F0B3CF97F091EF1AC4CCDA295CE072D9EF918C570DF0675BBAB7F8C72468C025D5B7EF47AE1B03F9D1456313BA87F0D1F54D8DC39BB93A0FDE30E9F4AC7F89D2B2F83757C1E3EC9371FF0000268A2A0E93F3FBC23A85C5BE8B7BA924AC2F2EAE552493BE0BE303D38FE7F4AFD0FB19E47F0CD99DE41F233C7AEF7A28ADE7BA3289723568645DB231F9B8CE0F726B83F1D309349D2CBA2B9835D322161D192DEE0A9FAE68A2889323BAF0CB1FECA81B272C79FC6BF35BF6AA8961FDA33C6C10601B9563F531213FAD14569124F13DC559803DE8A28A659FFFD9),
       ('EMP004', 'Carol Brown', '654987321', 'Male', '1995-06-30', '1234567894', 1, '654 Cedar St, Central City, TX',
        70000, NULL, 'Field Inspector', 'AR-001', NULL),
       ('EMP005', 'David Wilson', '789123456', 'Male', '1987-08-25', '+1234567895', 1, '987 Birch St, Keystone, FL',
        88000, NULL, 'Billing Officer', 'AR-001', NULL),
       ('EMP006', 'Emily Davis', '123789456', 'Female', '1991-09-18', '1234567896', 1, '321 Aspen St, Smallville, KS',
        77000, NULL, 'Billing Officer', 'AR-003', NULL),
       ('EMP007', 'Frank Miller', '456123789', 'Male', '1983-12-07', '1234567897', 1, '654 Spruce St, Coast City, GA',
        95000, NULL, 'Field Inspector', 'AR-004', NULL),
       ('EMP008', 'Grace Lee', '789456123', 'Female', '1994-04-03', '1234567898', 1, '987 Willow St, Hub City, OH',
        72000, NULL, 'Meter Reader', 'AR-006', NULL),
       ('EMP009', 'Henry Clark', '159753486', 'Male', '1989-10-19', '1234567899', 1, '123 Redwood St, Bldhaven, PA',
        81000, NULL, 'Meter Reader', 'AR-008', NULL),
       ('EMP010', 'Alice Johnson', '456789123', 'Female', '1992-11-02', '1234567892', 1, '789 Pine St, Gotham, NJ',
        68000, NULL, 'Billing Officer', 'AR-004', NULL);
INSERT INTO energy_manager.t_grade (id_grade_key, ct_min_unit, ct_max_unit, flt_price, flt_vat, flt_sc, flt_sd,
                                    tx_description, id_category_key)
VALUES (1, 1, 50, 3, 2, 0, 0, NULL, 'House'),
       (2, 51, 100, 4, 2, 0, 0, NULL, 'House'),
       (3, 101, 170, 4, 2, 0, 0, NULL, 'House'),
       (4, 171, 250, 4, 2, 0, 0, NULL, 'House'),
       (5, 251, 300, 5, 5, 0, 0, NULL, 'Mosque'),
       (6, 301, 330, 7, 7, 0, 0, NULL, 'Residential'),
       (7, 331, 400, 9, 7, 0, 0, NULL, 'Government Office'),
       (8, 401, 700, 10, 7, 0, 0, NULL, 'House'),
       (9, 701, 7000, 11, 9, 0, 0, NULL, 'House');
INSERT INTO energy_manager.t_grade_seq (next_val)
VALUES (51);
INSERT INTO energy_manager.t_meter (id_meter_key, tx_brand, tx_description, tx_model, tx_name, dt_purchase, is_state,
                                    id_category_key, id_customer_key, dt_last_reg)
VALUES ('GDB236125', 'Honeywell', 'Smart Meters', 'Itron OpenWay Riva', 'Itron ', '2024-08-08', 1, 'House', 'CUST001',
        '2024-06-12'),
       ('GDB259415', 'Honeywell', 'Smart Meters', 'Landis+Gyr E650', 'Landis', '2024-08-09', 1, 'House', 'CUST001',
        '2023-06-16'),
       ('GDB259416', 'Siemens', 'Prepaid Meters', 'Honeywell Elster A1700', 'Honeywell ', '2024-08-09', 1,
        'Private Office', 'CUST001', '2020-06-17'),
       ('GDB259469', 'Elster', 'Digital Meters', 'Kamstrup OMNIPOWER', 'Kamstrup ', '2020-06-17', 1,
        'Government Office', 'CUST003', '2020-06-17'),
       ('GDB259589', 'Elster', 'Digital Meters', 'Kamstrup OMNIPOWER', 'Kamstrup ', '2024-08-16', 1, 'Mosque',
        'CUST008', '2020-06-17'),
       ('GDB259641', 'Honeywell', 'Smart Meters', 'Schneider Electric iEM3000', 'Schneider ', '2024-08-09', 0,
        'Private Office', 'CUST010', '2020-06-17'),
       ('GDB259984', 'Siemens', 'Prepaid Meters', 'Siemens 7KT PAC1200', 'Siemens ', '2024-08-09', 0, 'Residential',
        'CUST006', '2020-06-17');
INSERT INTO energy_manager.t_user_seq (next_val)
VALUES (1);
